description,category,amount
Cafe latte and sandwich,Food,350.00
Local train ticket to city center,Transport,60.00
Monthly electricity bill,Utilities,4500.00
New sneakers from online store,Shopping,8000.00
Weekend bus trip to Goa,Travel,1500.00
Subscription renewal for streaming,Entertainment,499.00
Monthly apartment rent,Rent,15000.00
Monthly internet service charge,Utilities,899.00
Dinner at fine dining restaurant,Food,3200.00
Metro card top-up for the month,Transport,1500.00
Water bill payment,Utilities,650.00
Groceries from BigBasket,Food,2150.00
Cab ride from airport to hotel,Travel,950.00
New pair of jeans from Levi's store,Shopping,3899.00
Netflix monthly subscription,Entertainment,649.00
EMI payment for home loan,Rent,35000.00
Mobile phone recharge plan,Utilities,599.00
Breakfast delivery from Swiggy,Food,280.00
Fuel refill at HP petrol pump,Transport,4500.00
Cinema tickets and popcorn,Entertainment,1200.00
Purchase of books online,Shopping,1199.00
Three nights stay in Bangkok hotel,Travel,25000.00
Lunch at the office cafeteria,Food,180.00
Bus fare for intercity travel,Transport,450.00
Gas cylinder refill,Utilities,1100.00
Birthday gift for sister,Shopping,1500.00
Amazon Prime yearly membership,Entertainment,1499.00
Monthly maintenance fees for society,Rent,2500.00
T-shirt and shorts from Decathlon,Shopping,1999.00
Flight ticket to New Delhi,Travel,6800.00
Dinner date at rooftop cafe,Food,1950.00
Parking fee at mall,Transport,80.00
Gym membership monthly fee,Entertainment,1800.00
New camera purchase,Shopping,45000.00
Toll booth charges,Transport,150.00
Home water purifier service,Utilities,499.00
Takeout lunch from local vendor,Food,120.00
Rental deposit refund received,Rent,0.00
Cab ride for shopping,Transport,350.00
Entry fee to museum,Entertainment,250.00
New hard drive purchase,Shopping,5500.00
Two nights hostel stay in Jaipur,Travel,1800.00
Roadside pani puri snack,Food,50.00
Insurance premium payment,Utilities,12000.00
Auto rickshaw fare,Transport,75.00
PlayStation game purchase,Entertainment,3999.00
Annual web hosting fee,Utilities,4200.00
Online course enrollment fee,Shopping,9999.00
Train ticket reservation fee,Transport,250.00
Homestay booking in mountains,Travel,8500.00
Coffee and muffin at CCD,Food,410.00
Monthly phone bill (postpaid),Utilities,1499.00
Local bus pass renewal,Transport,900.00
Souvenirs purchased on trip,Shopping,2500.00
Admission to amusement park,Entertainment,1599.00
Security deposit for new rental,Rent,30000.00
Quick bite at McDonald's,Food,490.00
Fuel and car wash,Transport,3800.00
Apartment deep cleaning service,Utilities,2800.00
Headphones purchase from Amazon,Shopping,1999.00
Hotel booking for business trip,Travel,7200.00
Book store visit,Shopping,850.00
Museum entrance tickets,Entertainment,400.00
Tattoo parlor visit,Entertainment,6000.00
Vegetables from vendor,Food,120.00
Car maintenance service,Transport,12500.00
Subscription to professional journal,Utilities,1999.00
Haircut and grooming,Shopping,600.00
Ferry ticket to island,Travel,550.00
Chai and samosa snack,Food,80.00
Monthly garbage collection fee,Utilities,150.00
Scooter rental for day trip,Transport,650.00
New office stationery,Shopping,450.00
Streaming device purchase (Firestick),Entertainment,3500.00
Late fee for rent payment,Rent,500.00
Donuts and milkshake,Food,550.00
Car EMI installment,Rent,18000.00
New luggage set,Travel,9500.00
Software license renewal,Utilities,7500.00
Online game subscription,Entertainment,199.00
Repair service for kitchen faucet,Utilities,800.00
Pizza and drinks,Food,1100.00
Local taxi fare,Transport,220.00
Hiking gear purchase,Shopping,4200.00
Tickets to a play/theater,Entertainment,900.00
Airport luggage fee,Travel,400.00
Home security system subscription,Utilities,1200.00
Ice cream parlour visit,Food,250.00
Bike service and oil change,Transport,1800.00
Desktop monitor purchase,Shopping,15000.00
Video game console purchase,Entertainment,30000.00
Visa application fee,Travel,6500.00
Dog food and treats,Shopping,1450.00
Water bottle refill expense,Utilities,20.00
Burger and fries,Food,320.00
Auto repair and parts,Transport,9000.00
Movie rental fee,Entertainment,150.00
New backpack,Shopping,2900.00
Inter-state bus ticket,Travel,1100.00
Monthly security charges,Rent,1000.00
Gas station snack stop,Food,150.00
Tire replacement,Transport,7000.00
Health insurance monthly fee,Utilities,2500.00
Zoo entrance tickets,Entertainment,350.00
New phone case,Shopping,700.00
Trekking tour package,Travel,18000.00
Juice and sandwich,Food,200.00
Traffic fine payment,Transport,500.00
Electricity deposit paid,Utilities,1000.00
E-reader purchase,Shopping,9000.00
Subscription to news magazine,Entertainment,299.00
Home décor items,Shopping,1800.00
Local ferry ride ticket,Transport,40.00
Cable TV monthly fee,Utilities,599.00
Sushi takeout,Food,1600.00
Ski lift pass,Travel,4000.00
Streaming service gift card,Entertainment,1000.00
New spectacles/glasses,Shopping,5500.00
Tiffin service payment,Food,3000.00
Motorcycle gear purchase,Shopping,15000.00
Domestic flight upgrade,Travel,2500.00
Towing service fee,Transport,1500.00
Water delivery service,Utilities,450.00
Online photography course,Shopping,4900.00
Donation to local charity,Entertainment,1000.00
Weekly cleaning service,Rent,1200.00
Vegetable market visit,Food,650.00
Bike helmet purchase,Shopping,3500.00
Train sleeper class booking,Travel,2800.00
Tyre pressure check,Transport,10.00
House repair contractor payment,Utilities,15000.00
Gaming mouse and keyboard,Shopping,4999.00
Theme park entry for family,Entertainment,6000.00
Rent paid via digital platform,Rent,16000.00
Pizza delivery fee only,Food,50.00
Car rental for weekend,Transport,2500.00
Life insurance premium,Utilities,8000.00
Paid software subscription,Utilities,1500.00
Gourmet chocolates purchase,Shopping,1200.00
Hotel cancellation fee,Travel,500.00
Musical concert tickets,Entertainment,4500.00
New water heater installation,Utilities,9500.00
Road trip snacks and drinks,Food,750.00
Local public transport day pass,Transport,120.00
Gift wrapping paper,Shopping,100.00
Online movie purchase (digital),Entertainment,699.00
Travel visa fees,Travel,7000.00
Home internet setup fee,Utilities,500.00
Brunch at a local cafe,Food,850.00
Toll charges on highway,Transport,300.00
New curtains for living room,Shopping,2200.00
Subscription to educational platform,Entertainment,2000.00
Rent deposit security payment,Rent,20000.00
Cooking oil and spices,Food,450.00
Taxi service tip,Transport,50.00
Home gardening tools,Shopping,900.00
Music streaming monthly fee,Entertainment,99.00
Travel insurance plan,Travel,1200.00
Gasoline purchase,Transport,2800.00
Window repair service,Utilities,4000.00
Fast food combo meal,Food,550.00
Bus ticket reservation fee,Transport,50.00
Camping gear rental,Travel,1500.00
Online magazine subscription,Entertainment,199.00
Apartment security service fee,Rent,800.00
Pet vaccination fee,Utilities,1500.00
Bakery items and coffee,Food,600.00
Flight check-in baggage fee,Travel,1800.00
New phone charger cable,Shopping,450.00
Monthly cleaning supplies,Shopping,750.00
Public transport monthly pass,Transport,1200.00
Utility bill deposit,Utilities,2000.00
Book purchase from local shop,Shopping,650.00
Theatre tickets,Entertainment,1100.00
Car wash service,Transport,400.00
Travel backpack,Travel,4500.00
Annual home insurance,Utilities,9000.00
Sandwich and juice,Food,300.00
Taxis in a foreign city,Transport,1500.00
New video game,Entertainment,4999.00
Software subscription service,Utilities,800.00
Souvenir gift purchase,Shopping,1500.00
Trek permit fee,Travel,800.00
Dinner takeout order,Food,1200.00
Local street food,Food,100.00
Tuktuk ride fare,Transport,70.00
Water heater repair,Utilities,1200.00
New wallet,Shopping,1100.00
Online learning platform access,Entertainment,3500.00
Holiday villa rental,Travel,45000.00
Cleaning supplies bundle,Shopping,1500.00
Electrician service fee,Utilities,900.00
Lunch buffet,Food,999.00
Bike fuel refill,Transport,800.00
Movie tickets advance booking,Entertainment,700.00
New headphones,Shopping,3500.00
Domestic train travel,Transport,1800.00
Annual subscription for a tool,Utilities,2500.00
Groceries and pantry items,Food,3500.00
Hotel room service,Food,1500.00
Airport parking fee,Transport,500.00
Tourist attraction entry fee,Entertainment,600.00
New pair of shoes,Shopping,4500.00
Trekking equipment purchase,Shopping,12000.00
Long distance bus ticket,Travel,800.00
Car servicing package,Transport,5000.00
Mobile data pack recharge,Utilities,299.00
Fast food drive thru,Food,650.00
Taxi to meeting,Transport,450.00
Vacation package booking,Travel,60000.00
Concert merchandise,Shopping,2000.00
Music festival ticket,Entertainment,7000.00
Washing machine repair,Utilities,3500.00
Monthly rent,Rent,18000.00
Coffee shop morning order,Food,250.00
Motorway toll charges,Transport,450.00
House painting service,Utilities,25000.00
New jacket purchase,Shopping,5500.00
Museum entrance,Entertainment,150.00
Car insurance renewal,Utilities,15000.00
Local cuisine street food,Food,150.00
Ferry transport fee,Transport,200.00
Hotel spa treatment,Travel,4000.00
Online gaming subscription,Entertainment,499.00
Kitchen appliance repair,Utilities,2800.00
Dinner with colleagues,Food,2800.00
Bus ticket to neighboring town,Transport,250.00
New phone screen protector,Shopping,300.00
Theme park passes,Entertainment,2500.00
Passport renewal fee,Travel,4500.00
Home cleaning product purchase,Shopping,500.00
Utility bill deposit refund,Utilities,0.00
Late night snack delivery,Food,400.00
Motorbike insurance,Utilities,2800.00
International flight ticket,Travel,85000.00
Art workshop fee,Entertainment,1500.00
Monthly PG rent payment via UPI transfer,Rent,14850.00
Ice cream from a street vendor,Food,340.00
Juice and sandwich at the local cafe,Food,330.00
Furniture bought from Urban Ladder,Shopping,19700.00
Kitchen appliance bought from Reliance Digital,Shopping,11650.00
Insurance premium payment to LIC,Utilities,11850.00
Ferry ticket to Andaman,Travel,220.00
Juice and sandwich at the local cafe,Food,300.00
Metro card recharge for Delhi Metro,Transport,730.00
Flight ticket to Mumbai,Travel,20250.00
Furniture bought from Urban Ladder,Shopping,37000.00
Rent paid to the landlord,Rent,9350.00
Camera purchased from Amazon,Shopping,38100.00
Weekend getaway to Munnar,Travel,17350.00
Delivery order from a local restaurant,Food,1150.00
Water bill payment to the municipal corporation,Utilities,550.00
Ice cream from a street vendor,Food,290.00
Ferry ticket to a nearby island,Travel,1200.00
Late fee for rent payment via the landlord,Rent,1250.00
Fuel refill at a local fuel station,Transport,4400.00
Water bill payment to the municipal corporation,Utilities,440.00
Juice and sandwich at a street stall,Food,400.00
Delivery order from Zomato,Food,1450.00
Online course enrollment on Udemy,Entertainment,570.00
Subscription renewal for Spotify,Entertainment,770.00
Scooter rental via Bounce,Transport,210.00
Furniture bought from Pepperfry,Shopping,39200.00
Movie tickets at INOX,Entertainment,870.00
Flight ticket to Goa,Travel,7950.00
Fuel refill at a local fuel station,Transport,1250.00
Monthly PG rent payment via the PG owner,Rent,11650.00
Music festival ticket for a weekend festival,Entertainment,2350.00
Security deposit for flat via the landlord,Rent,39500.00
Breakfast from Swiggy,Food,470.00
Scooter rental via Yulu,Transport,670.00
Kitchen appliance bought from Amazon,Shopping,14100.00
Museum entry at a city museum,Entertainment,470.00
Bus ticket booked via the state transport corporation,Transport,130.00
Museum entry at a heritage site,Entertainment,350.00
Visa fee for Singapore trip,Travel,4250.00
Tiffin service from the local vendor,Food,3100.00
Bike service at the service center,Transport,1250.00
Security deposit for flat via NoBroker,Rent,38400.00
Tiffin service from a home cook,Food,2450.00
Concert tickets for a rock concert,Entertainment,1550.00
Parking fee at the mall,Transport,490.00
Trekking package to Ladakh,Travel,22350.00
Insurance premium payment to HDFC Ergo,Utilities,5200.00
EMI payment for home loan via bank auto-debit,Rent,10150.00
House rent payment via the landlord,Rent,28800.00
Concert tickets for a live show,Entertainment,6900.00
Train ticket booking via IRCTC,Transport,620.00
Monthly electricity bill from the state electricity board,Utilities,1200.00
DTH recharge for Tata Sky,Utilities,510.00
Furniture bought from Urban Ladder,Shopping,11000.00
Flight ticket to Dubai,Travel,3300.00
Gaming accessories bought from a local computer store,Shopping,7000.00
Subscription renewal for Spotify,Entertainment,360.00
Homestay booking in Darjeeling,Travel,2850.00
Dinner at with colleagues,Food,2100.00
Smartwatch purchased from Croma,Shopping,4550.00
Society maintenance paid via the building association,Utilities,3400.00
Headphones purchased from Amazon,Shopping,3250.00
Music festival ticket for a local band show,Entertainment,4900.00
Hostel stay in Rishikesh,Travel,1700.00
Late fee for rent payment via UPI transfer,Rent,650.00
Home security service fee via a security agency,Utilities,2100.00
Gaming accessories bought from Amazon,Shopping,1650.00
Flight ticket to Delhi,Travel,12050.00
Bus ticket booked via RedBus,Transport,540.00
Internet bill from Airtel,Utilities,2100.00
Smartwatch purchased from Flipkart,Shopping,9650.00
Hotel booking in Goa,Travel,3800.00
House rent payment via UPI transfer,Rent,29900.00
Flight ticket to Singapore,Travel,16100.00
New sneakers from Amazon,Shopping,2550.00
Lunch at KFC,Food,1000.00
Breakfast from Zomato,Food,260.00
Lunch at Subway,Food,490.00
Subscription renewal for Hotstar,Entertainment,1450.00
Cab ride via Uber,Transport,690.00
Subscription renewal for Netflix,Entertainment,580.00
Fuel refill at HP petrol pump,Transport,1550.00
Movie tickets at PVR,Entertainment,1300.00
Gaming accessories bought from Flipkart,Shopping,7850.00
EMI payment for home loan via NEFT transfer,Rent,39000.00
Traffic fine paid to the traffic police,Transport,1050.00
EMI payment for home loan via NEFT transfer,Rent,12850.00
Flight ticket to Goa,Travel,6650.00
DTH recharge for Tata Sky,Utilities,630.00
Hotel booking in Goa,Travel,3000.00
Homestay booking in Rishikesh,Travel,3500.00
Plumbing repair via a local plumber,Utilities,380.00
Hotel booking in Jaipur,Travel,13300.00
Breakfast from a local bakery,Food,360.00
Furniture bought from Urban Ladder,Shopping,28450.00
Kitchen appliance bought from Croma,Shopping,2650.00
Concert tickets for a live show,Entertainment,3150.00
Society maintenance fee via the building association,Rent,1100.00
Subscription renewal for Spotify,Entertainment,640.00
Software subscription renewal for Microsoft 365,Utilities,7850.00
Delivery order from a local restaurant,Food,400.00
Backpack bought from a local store,Shopping,2550.00
New jacket bought from Amazon,Shopping,2050.00
Monthly apartment rent paid via NoBroker,Rent,20750.00
Coffee at Starbucks,Food,410.00
Hotel booking in Goa,Travel,10050.00
Cab ride via Ola,Transport,1600.00
Groceries from the neighborhood store,Food,1950.00
Jeans purchased from Levi's,Shopping,1900.00
Breakfast from a local bakery,Food,660.00
Streaming device purchase (Apple TV),Entertainment,7900.00
Auto rickshaw fare via Uber,Transport,190.00
Groceries from a local vendor,Food,1900.00
Kitchen appliance bought from Croma,Shopping,11950.00
Rent paid to the property manager,Rent,9750.00
Camera purchased from Croma,Shopping,28150.00
Monthly electricity bill from the state electricity board,Utilities,4550.00
Lunch at a food court,Food,160.00
Furniture bought from Pepperfry,Shopping,15300.00
Metro card recharge for Namma Metro,Transport,570.00
Auto rickshaw fare via Uber,Transport,140.00
Movie tickets at INOX,Entertainment,1300.00
Dinner at a local restaurant,Food,2450.00
Online course enrollment on Coursera,Entertainment,2900.00
Mobile recharge for Jio,Utilities,1400.00
Train ticket booking via IRCTC,Transport,2750.00
EMI payment for home loan via NEFT transfer,Rent,25850.00
Cab ride via Rapido,Transport,1100.00
Late fee for rent payment via UPI transfer,Rent,1050.00
Breakfast from Zomato,Food,220.00
Electrician service fee via an on-call technician,Utilities,910.00
Bike service at a bike workshop,Transport,540.00
Smartwatch purchased from Amazon,Shopping,18400.00
Smartwatch purchased from Flipkart,Shopping,7250.00
Trekking package to Uttarakhand,Travel,7900.00
Security deposit for flat via NoBroker,Rent,47500.00
Society maintenance fee via the building association,Rent,2750.00
Gaming accessories bought from a local computer store,Shopping,1750.00
Music festival ticket for a weekend festival,Entertainment,5900.00
Tyre replacement at the tyre shop,Transport,4000.00
Subscription renewal for Netflix,Entertainment,840.00
Cab ride via Rapido,Transport,820.00
Gaming accessories bought from Flipkart,Shopping,5100.00
Traffic fine paid to the RTO,Transport,200.00
Parking fee at the multiplex,Transport,350.00
Hotel booking in Bangkok,Travel,13950.00
Concert tickets for a live show,Entertainment,3700.00
Breakfast from CCD,Food,200.00
Music festival ticket for a local band show,Entertainment,6950.00
Tyre replacement at the local garage,Transport,3200.00
Security deposit for flat via NoBroker,Rent,36050.00
Security deposit for flat via MagicBricks,Rent,29900.00
DTH recharge for Airtel Digital TV,Utilities,660.00
Concert tickets for a live show,Entertainment,1850.00
Museum entry at a city museum,Entertainment,430.00
Home security service fee via an alarm monitoring service,Utilities,1200.00
Concert tickets for a music festival,Entertainment,5450.00
Metro card recharge for Delhi Metro,Transport,1300.00
Late fee for rent payment via UPI transfer,Rent,890.00
Lunch at a local dhaba,Food,1100.00
House rent payment via UPI transfer,Rent,14550.00
Groceries from a local vendor,Food,480.00
Streaming device purchase (Apple TV),Entertainment,3650.00
Security deposit for flat via the landlord,Rent,29450.00
Gaming accessories bought from Amazon,Shopping,7600.00
Camera purchased from Amazon,Shopping,38600.00
Cab ride via Uber,Transport,290.00
Flight ticket to Dubai,Travel,14300.00
Ice cream from Baskin Robbins,Food,100.00
Gaming purchase from Steam,Entertainment,2850.00
Monthly apartment rent paid via NEFT payment,Rent,8000.00
Traffic fine paid to the RTO,Transport,710.00
Parking fee at the airport,Transport,200.00
Coffee at Starbucks,Food,150.00
Cab ride from airport in Delhi,Travel,970.00
DTH recharge for Dish TV,Utilities,680.00
Weekend getaway to Pondicherry,Travel,14900.00
EMI payment for home loan via bank auto-debit,Rent,25500.00
Toll charges on the highway,Transport,450.00
Jeans purchased from a local store,Shopping,4700.00
Concert tickets for a music festival,Entertainment,6650.00
Concert tickets for a live show,Entertainment,2400.00
Theatre tickets for a stand-up comedy show,Entertainment,1400.00
Bus ticket booked via RedBus,Transport,930.00
Trekking package to Himachal,Travel,9350.00
T-shirt bought from a local store,Shopping,400.00
Tyre replacement at the local garage,Transport,5300.00
Bike service at a bike workshop,Transport,1750.00
DTH recharge for Airtel Digital TV,Utilities,690.00
Plumbing repair via a local plumber,Utilities,1350.00
Hostel stay in Jaipur,Travel,1950.00
Kitchen appliance bought from Croma,Shopping,11450.00
Kitchen appliance bought from Reliance Digital,Shopping,2100.00
Online course enrollment on an online learning platform,Entertainment,830.00
Train ticket booking via IRCTC,Transport,2000.00
Tyre replacement at the local garage,Transport,6800.00
Metro card recharge for Delhi Metro,Transport,1000.00
Breakfast from CCD,Food,530.00
Hostel stay in Jaipur,Travel,1350.00
Monthly apartment rent paid via NEFT payment,Rent,22750.00
Backpack bought from Amazon,Shopping,960.00
Headphones purchased from Croma,Shopping,4400.00
Traffic fine paid to the traffic police,Transport,680.00
Theatre tickets for a play,Entertainment,1150.00
Lunch at McDonald's,Food,490.00
Rental deposit refund via UPI transfer,Rent,25850.00
Monthly PG rent payment via UPI transfer,Rent,8050.00
Car service at the authorized service center,Transport,4950.00
Trekking package to Ladakh,Travel,22800.00
Lunch at Subway,Food,320.00
Jeans purchased from a local store,Shopping,3150.00
Monthly PG rent payment via UPI transfer,Rent,6950.00
House rent payment via bank transfer,Rent,25900.00
Tyre replacement at the local garage,Transport,6500.00
Society maintenance paid via the building association,Utilities,4200.00
Late fee for rent payment via UPI transfer,Rent,520.00
Camera purchased from Amazon,Shopping,49950.00
Gaming purchase from PlayStation Store,Entertainment,620.00
Rent paid to the property manager,Rent,24950.00
Furniture bought from Urban Ladder,Shopping,9400.00
Weekend getaway to Coorg,Travel,16900.00
Coffee at CCD,Food,160.00
Water bill payment to the water board,Utilities,990.00
Jeans purchased from Myntra,Shopping,4850.00
Theatre tickets for a musical,Entertainment,790.00
Society maintenance paid via the building association,Utilities,1750.00
Tyre replacement at the local garage,Transport,5650.00
Groceries from the neighborhood store,Food,2200.00
Backpack bought from Amazon,Shopping,1050.00
Subscription renewal for Amazon Prime,Entertainment,670.00
Insurance premium payment to ICICI Lombard,Utilities,11650.00
Groceries from BigBasket,Food,1100.00
Flight ticket to Delhi,Travel,9350.00
Scooter rental via Rapido,Transport,700.00
Security deposit for flat via the landlord,Rent,38150.00
Monthly apartment rent paid via NoBroker,Rent,11800.00
Car service at the local garage,Transport,8400.00
Hostel stay in Jaipur,Travel,1300.00
Backpack bought from Decathlon,Shopping,1350.00
Monthly electricity bill from BESCOM,Utilities,2350.00
Scooter rental via Rapido,Transport,460.00
Society maintenance paid via the building association,Utilities,4650.00
Toll charges on the expressway toll plaza,Transport,460.00
Society maintenance fee via the housing society,Rent,640.00
Coffee at Starbucks,Food,390.00
Cab ride from airport in Delhi,Travel,1200.00
Lunch at a food court,Food,540.00
Visa fee for Thailand trip,Travel,3600.00
Plumbing repair via an on-call technician,Utilities,1600.00
Furniture bought from Urban Ladder,Shopping,35650.00
Monthly apartment rent paid via UPI transfer,Rent,13850.00
Monthly apartment rent paid via UPI transfer,Rent,8450.00
Scooter rental via Yulu,Transport,170.00
Books purchased from Amazon,Shopping,1300.00
Flat maintenance charges via MagicBricks,Rent,800.00
Auto rickshaw fare via Uber,Transport,230.00
Insurance premium payment to HDFC Ergo,Utilities,9300.00
Ice cream from a street vendor,Food,60.00
DTH recharge for Airtel Digital TV,Utilities,510.00
Juice and sandwich at the local cafe,Food,370.00
EMI payment for home loan via bank auto-debit,Rent,19800.00
Rent paid to the property manager,Rent,19550.00
Music festival ticket for a weekend festival,Entertainment,2750.00
Train ticket booking via Indian Railways,Transport,490.00
Mobile recharge for BSNL,Utilities,1350.00
Lunch at the office cafeteria,Food,1250.00
T-shirt bought from Myntra,Shopping,490.00
Security deposit for flat via MagicBricks,Rent,52350.00
Rental deposit refund via UPI transfer,Rent,9600.00
Cab ride via Uber,Transport,1900.00
House rent payment via the landlord,Rent,22600.00
Bus trip to Coorg,Travel,1850.00
Rent paid to the property manager,Rent,10600.00
Security deposit for flat via MagicBricks,Rent,36350.00
Rental deposit refund via UPI transfer,Rent,24300.00
Rent paid to the property manager,Rent,18550.00
Concert tickets for a live show,Entertainment,5050.00
Monthly PG rent payment via the PG owner,Rent,11350.00
Society maintenance fee via the building association,Rent,2450.00
Hotel booking in Bangkok,Travel,3950.00
Ferry ticket to a nearby island,Travel,1100.00
Ferry ticket to Andaman,Travel,520.00
Late fee for rent payment via the landlord,Rent,560.00
Museum entry at a heritage site,Entertainment,260.00
Society maintenance paid via the building association,Utilities,3600.00
T-shirt bought from Amazon,Shopping,400.00
Electrician service fee via a local electrician,Utilities,1750.00
Lunch at the office cafeteria,Food,1150.00
Streaming device purchase (Firestick),Entertainment,4050.00
Museum entry at an art gallery,Entertainment,480.00
Train journey to Kerala,Travel,2400.00
Weekend getaway to Rishikesh,Travel,10850.00
Monthly PG rent payment via UPI transfer,Rent,13950.00
New jacket bought from Myntra,Shopping,2700.00
DTH recharge for Dish TV,Utilities,510.00
Software subscription renewal for Adobe,Utilities,3950.00
Lunch at Burger King,Food,820.00
House rent payment via UPI transfer,Rent,17050.00
Train ticket booking via Indian Railways,Transport,1600.00
Trekking package to Himachal,Travel,20400.00
Bike service at the local garage,Transport,750.00
Visa fee for Europe trip,Travel,8900.00
Train ticket booking via Indian Railways,Transport,2400.00
Monthly apartment rent paid via NEFT payment,Rent,21500.00
Concert tickets for a live show,Entertainment,4250.00
Rental deposit refund via bank transfer,Rent,22550.00
Furniture bought from Urban Ladder,Shopping,36800.00
Street food from a food truck,Food,250.00
Internet bill from BSNL,Utilities,770.00
House rent payment via the landlord,Rent,26300.00
Train journey to Delhi,Travel,660.00
T-shirt bought from Amazon,Shopping,530.00
Gaming accessories bought from Flipkart,Shopping,6650.00
Mobile recharge for Airtel,Utilities,830.00
Monthly PG rent payment via UPI transfer,Rent,11300.00
Hotel booking in Manali,Travel,3350.00
Amusement park entry at an adventure park,Entertainment,1700.00
Smartwatch purchased from Flipkart,Shopping,14050.00
Society maintenance paid via the building association,Utilities,2200.00
Late fee for rent payment via UPI transfer,Rent,1450.00
Coffee at Barista,Food,340.00
Monthly apartment rent paid via NoBroker,Rent,22650.00
Monthly apartment rent paid via UPI transfer,Rent,22000.00
Home security service fee via an alarm monitoring service,Utilities,1800.00
Dinner at a fine dining restaurant,Food,3050.00
Cab ride from airport in Delhi,Travel,1300.00
Coffee at Barista,Food,330.00
Traffic fine paid to the RTO,Transport,1300.00
Monthly electricity bill from the state electricity board,Utilities,5000.00
T-shirt bought from Amazon,Shopping,1000.00
Coffee at CCD,Food,130.00
Jeans purchased from Levi's,Shopping,2850.00
Late fee for rent payment via the landlord,Rent,360.00
Scooter rental via Bounce,Transport,430.00
Flat maintenance charges via MagicBricks,Rent,1600.00
Cab ride via Ola,Transport,1550.00
Streaming device purchase (Firestick),Entertainment,3200.00
Scooter rental via Yulu,Transport,130.00
Bus trip to Pondicherry,Travel,550.00
Theatre tickets for a musical,Entertainment,440.00
Gaming accessories bought from Flipkart,Shopping,4200.00
Music festival ticket for a weekend festival,Entertainment,2450.00
T-shirt bought from Myntra,Shopping,320.00
Movie tickets at the local theatre,Entertainment,1250.00
Society maintenance fee via the housing society,Rent,1500.00
Ice cream from a local parlour,Food,370.00
Auto rickshaw fare via a local auto stand,Transport,30.00
Hotel booking in Bangkok,Travel,11000.00
Late fee for rent payment via the landlord,Rent,1500.00
Tiffin service from a nearby dhaba,Food,2400.00
Car service at the local garage,Transport,4000.00
Metro card recharge for Delhi Metro,Transport,850.00
Jeans purchased from Levi's,Shopping,1800.00
Traffic fine paid to the traffic police,Transport,260.00
Ferry ticket to a nearby island,Travel,810.00
Cab ride from airport in Mumbai,Travel,2450.00
Mobile recharge for Airtel,Utilities,970.00
Bike service at the service center,Transport,740.00
Security deposit for flat via NoBroker,Rent,27650.00
Traffic fine paid to the traffic police,Transport,1400.00
Backpack bought from a local store,Shopping,2350.00
Streaming device purchase (Firestick),Entertainment,7950.00
Hotel booking in Jaipur,Travel,14900.00
Auto rickshaw fare via Ola,Transport,80.00
Toll charges on the highway,Transport,480.00
DTH recharge for Airtel Digital TV,Utilities,590.00
Bus ticket booked via RedBus,Transport,380.00
Security deposit for flat via the landlord,Rent,29900.00
Visa fee for Dubai trip,Travel,6850.00
Smartwatch purchased from Croma,Shopping,19050.00
Gaming purchase from Steam,Entertainment,3750.00
Street food from a roadside stall,Food,60.00
Jeans purchased from Myntra,Shopping,1600.00
Water bill payment to the municipal corporation,Utilities,280.00
T-shirt bought from Myntra,Shopping,1000.00
Tiffin service from a home cook,Food,1900.00
Bus trip to Goa,Travel,2050.00
Groceries from BigBasket,Food,2800.00
Visa fee for Thailand trip,Travel,7650.00
Electrician service fee via a local electrician,Utilities,830.00
Late fee for rent payment via UPI transfer,Rent,1150.00
Plumbing repair via an on-call technician,Utilities,330.00
Society maintenance fee via the housing society,Rent,1850.00
Gas cylinder refill from Indane,Utilities,750.00
Streaming device purchase (Chromecast),Entertainment,4600.00
Kitchen appliance bought from Reliance Digital,Shopping,16950.00
Cab ride from airport in Bangkok,Travel,840.00
Music festival ticket for a weekend festival,Entertainment,6300.00
Flight ticket to Dubai,Travel,9300.00
Rental deposit refund via UPI transfer,Rent,29350.00
Security deposit for flat via MagicBricks,Rent,51250.00
Mobile recharge for Jio,Utilities,860.00
Delivery order from a local restaurant,Food,250.00
Ferry ticket to a nearby island,Travel,430.00
Flight ticket to Goa,Travel,22000.00
Train ticket booking via Indian Railways,Transport,290.00
Coffee at CCD,Food,320.00
Movie tickets at INOX,Entertainment,1000.00
Furniture bought from a local showroom,Shopping,15600.00
Concert tickets for a live show,Entertainment,3250.00
Concert tickets for a music festival,Entertainment,6900.00
Hotel booking in Manali,Travel,13050.00
Weekend getaway to Munnar,Travel,11350.00
EMI payment for home loan via NEFT transfer,Rent,23900.00
Museum entry at a heritage site,Entertainment,480.00
Hotel booking in Goa,Travel,10650.00
Society maintenance paid via the building association,Utilities,3850.00
Monthly apartment rent paid via NEFT payment,Rent,23800.00
Street food from a food truck,Food,200.00
Insurance premium payment to ICICI Lombard,Utilities,8100.00
Tiffin service from the local vendor,Food,1900.00
Mobile recharge for Vodafone,Utilities,620.00
Monthly PG rent payment via the PG owner,Rent,10000.00
Weekend getaway to Coorg,Travel,19150.00
Cab ride via Rapido,Transport,2400.00
Scooter rental via Bounce,Transport,370.00
Jeans purchased from Levi's,Shopping,4550.00
Furniture bought from a local showroom,Shopping,7900.00
House rent payment via UPI transfer,Rent,12950.00
Rental deposit refund via UPI transfer,Rent,16700.00
Metro card recharge for Namma Metro,Transport,1100.00
Juice and sandwich at a street stall,Food,280.00
Monthly apartment rent paid via NoBroker,Rent,17450.00
Rent paid to the property manager,Rent,11300.00
Ferry ticket to a nearby island,Travel,560.00
Breakfast from a local bakery,Food,300.00
DTH recharge for Tata Sky,Utilities,690.00
Scooter rental via Rapido,Transport,290.00
Delivery order from Domino's,Food,1350.00
Rent paid to the landlord,Rent,11650.00
Homestay booking in Darjeeling,Travel,4750.00
Backpack bought from Decathlon,Shopping,1650.00
Parking fee at the multiplex,Transport,320.00
Weekend getaway to Coorg,Travel,11000.00
Amusement park entry at Wonderla,Entertainment,500.00
Coffee at Starbucks,Food,360.00
Weekend getaway to Coorg,Travel,14200.00
Bus trip to Goa,Travel,1100.00
Movie tickets at PVR,Entertainment,730.00
Bus trip to Goa,Travel,620.00
Tiffin service from a home cook,Food,2900.00
Bus trip to Goa,Travel,2350.00
Delivery order from Swiggy,Food,600.00
Books purchased from Amazon,Shopping,1250.00
Groceries from the neighborhood store,Food,690.00
Cab ride from airport in Bangkok,Travel,1300.00
Scooter rental via Yulu,Transport,520.00
Flight ticket to Singapore,Travel,5550.00
Books purchased from Amazon,Shopping,920.00
Scooter rental via Rapido,Transport,230.00
Traffic fine paid to the traffic police,Transport,1250.00
Furniture bought from a local showroom,Shopping,9600.00
Gaming accessories bought from Amazon,Shopping,4050.00
Monthly PG rent payment via the PG owner,Rent,5300.00
Late fee for rent payment via UPI transfer,Rent,560.00
Insurance premium payment to LIC,Utilities,2400.00
Gaming purchase from Steam,Entertainment,2350.00
Security deposit for flat via the landlord,Rent,23200.00
Homestay booking in Rishikesh,Travel,5250.00
Headphones purchased from Flipkart,Shopping,1100.00
EMI payment for home loan via bank auto-debit,Rent,10000.00
Plumbing repair via a local plumber,Utilities,1500.00
Monthly PG rent payment via UPI transfer,Rent,10050.00
Software subscription renewal for a cloud storage plan,Utilities,7300.00
Breakfast from CCD,Food,320.00
Hostel stay in Goa,Travel,680.00
Tiffin service from the local vendor,Food,1700.00
Car service at the local garage,Transport,7800.00
Museum entry at a heritage site,Entertainment,340.00
Headphones purchased from Amazon,Shopping,1400.00
Traffic fine paid to the traffic police,Transport,450.00
EMI payment for home loan via bank auto-debit,Rent,27500.00
Juice and sandwich at the office canteen,Food,140.00
New jacket bought from Amazon,Shopping,1500.00
Fuel refill at a local fuel station,Transport,1600.00
Cab ride from airport in Bangkok,Travel,720.00
Headphones purchased from Amazon,Shopping,5550.00
Rental deposit refund via bank transfer,Rent,13350.00
Weekend getaway to Coorg,Travel,18050.00
Furniture bought from a local showroom,Shopping,28250.00
Toll charges on the highway,Transport,400.00
Theatre tickets for a stand-up comedy show,Entertainment,740.00
Lunch at Domino's,Food,1100.00
T-shirt bought from a local store,Shopping,830.00
Ferry ticket to Andaman,Travel,510.00
New jacket bought from a local store,Shopping,4150.00
Smartwatch purchased from Croma,Shopping,10750.00
Camera purchased from Croma,Shopping,50800.00
Homestay booking in Coorg,Travel,2400.00
Internet bill from ACT Fibernet,Utilities,820.00
Train journey to Kerala,Travel,1150.00
Street food from a roadside stall,Food,30.00
Coffee at Starbucks,Food,220.00
Car service at the authorized service center,Transport,9800.00
Metro card recharge for BMRCL,Transport,1400.00
Weekend getaway to Munnar,Travel,16450.00
Smartwatch purchased from Croma,Shopping,4800.00
Delivery order from a local restaurant,Food,860.00
EMI payment for home loan via bank auto-debit,Rent,27250.00
Camera purchased from Reliance Digital,Shopping,44700.00
Rent paid to the property manager,Rent,12200.00
Kitchen appliance bought from Amazon,Shopping,13600.00
Gaming accessories bought from Flipkart,Shopping,2450.00
Monthly PG rent payment via the PG owner,Rent,12750.00
Ice cream from Baskin Robbins,Food,220.00
Flight ticket to Singapore,Travel,25000.00
Traffic fine paid to the RTO,Transport,210.00
Amusement park entry at Essel World,Entertainment,1050.00
Flat maintenance charges via MagicBricks,Rent,2850.00
Plumbing repair via an on-call technician,Utilities,940.00
Street food from a roadside stall,Food,100.00
Mobile recharge for Jio,Utilities,320.00
Scooter rental via Yulu,Transport,630.00
Flat maintenance charges via the building association,Rent,2600.00
Groceries from the neighborhood store,Food,2650.00
T-shirt bought from Myntra,Shopping,1250.00
Weekend getaway to Munnar,Travel,16600.00
Electrician service fee via a local electrician,Utilities,1250.00
Monthly apartment rent paid via UPI transfer,Rent,23250.00
T-shirt bought from Myntra,Shopping,870.00
Monthly electricity bill from BESCOM,Utilities,5200.00
Scooter rental via Bounce,Transport,560.00
Jeans purchased from a local store,Shopping,3750.00
Flight ticket to Goa,Travel,11400.00
Scooter rental via Yulu,Transport,690.00
Concert tickets for a music festival,Entertainment,4700.00
Hotel booking in Udaipur,Travel,13100.00
Internet bill from BSNL,Utilities,2050.00
Juice and sandwich at a street stall,Food,100.00
T-shirt bought from Amazon,Shopping,680.00
Hotel booking in Goa,Travel,5700.00
Headphones purchased from Croma,Shopping,4850.00
Internet bill from Jio,Utilities,1150.00
DTH recharge for Tata Sky,Utilities,590.00
Monthly electricity bill from BESCOM,Utilities,1200.00
Furniture bought from Pepperfry,Shopping,24600.00
Headphones purchased from Flipkart,Shopping,2100.00
Dinner at a hotel restaurant,Food,1100.00
Mobile recharge for Airtel,Utilities,290.00
Electrician service fee via an on-call technician,Utilities,860.00
Cab ride from airport in Bangkok,Travel,1150.00
Delivery order from a local restaurant,Food,1250.00
Water bill payment to the water board,Utilities,780.00
Homestay booking in Darjeeling,Travel,3000.00
Scooter rental via Yulu,Transport,380.00
Monthly apartment rent paid via UPI transfer,Rent,12200.00
Street food from a food truck,Food,80.00
Gaming purchase from Xbox Store,Entertainment,1050.00
Museum entry at a city museum,Entertainment,400.00
New sneakers from Myntra,Shopping,4000.00
Movie tickets at the local theatre,Entertainment,200.00
Movie tickets at PVR,Entertainment,1150.00
Bus trip to Coorg,Travel,1450.00
Tiffin service from the local vendor,Food,3150.00
Rent paid to the landlord,Rent,15000.00
Concert tickets for a live show,Entertainment,6350.00
Concert tickets for a rock concert,Entertainment,4850.00
Electrician service fee via an on-call technician,Utilities,890.00
Groceries from a local vendor,Food,3850.00
Subscription renewal for Hotstar,Entertainment,1200.00
Backpack bought from a local store,Shopping,1750.00
Kitchen appliance bought from Croma,Shopping,15500.00
Music festival ticket for a weekend festival,Entertainment,3700.00
Theatre tickets for a musical,Entertainment,800.00
Headphones purchased from Croma,Shopping,4500.00
Hotel booking in Bangkok,Travel,11350.00
Flat maintenance charges via the building association,Rent,970.00
Trekking package to Ladakh,Travel,18750.00
Cab ride from airport in Bangkok,Travel,1800.00
EMI payment for home loan via NEFT transfer,Rent,28850.00
Cab ride via Ola,Transport,1400.00
Home security service fee via an alarm monitoring service,Utilities,730.00
Ice cream from a local parlour,Food,340.00
Car service at the authorized service center,Transport,3800.00
Hostel stay in Jaipur,Travel,840.00
Furniture bought from Urban Ladder,Shopping,37700.00
Metro card recharge for Delhi Metro,Transport,520.00
Weekend getaway to Coorg,Travel,16100.00
Water bill payment to the municipal corporation,Utilities,930.00
Flat maintenance charges via MagicBricks,Rent,680.00
Hostel stay in Jaipur,Travel,870.00
Homestay booking in Coorg,Travel,7500.00
Train ticket booking via Indian Railways,Transport,610.00
Ice cream from a street vendor,Food,380.00
Monthly apartment rent paid via NEFT payment,Rent,22900.00
Software subscription renewal for a cloud storage plan,Utilities,6900.00
Movie tickets at the local theatre,Entertainment,790.00
Ice cream from a street vendor,Food,80.00
Monthly PG rent payment via UPI transfer,Rent,12000.00
Subscription renewal for Spotify,Entertainment,1050.00
Train journey to Mumbai,Travel,2900.00
Flight ticket to Delhi,Travel,7900.00
Streaming device purchase (Chromecast),Entertainment,3750.00
Kitchen appliance bought from Croma,Shopping,16250.00
Gas cylinder refill from HP Gas,Utilities,780.00
Fuel refill at a local fuel station,Transport,2550.00
Amusement park entry at Essel World,Entertainment,1200.00
Coffee at a local cafe,Food,450.00
Society maintenance fee via the housing society,Rent,2750.00
Bus ticket booked via the state transport corporation,Transport,820.00
Software subscription renewal for a cloud storage plan,Utilities,3200.00
Flight ticket to Bangkok,Travel,17050.00
Flight ticket to Mumbai,Travel,16350.00
Visa fee for Thailand trip,Travel,3900.00
Rental deposit refund via UPI transfer,Rent,22200.00
Music festival ticket for a local band show,Entertainment,5850.00
Society maintenance fee via the building association,Rent,850.00
Coffee at CCD,Food,410.00
Groceries from a supermarket,Food,1350.00
Theatre tickets for a play,Entertainment,590.00
Insurance premium payment to HDFC Ergo,Utilities,6200.00
Subscription renewal for Netflix,Entertainment,1250.00
Cab ride from airport in Delhi,Travel,3150.00
Monthly PG rent payment via the PG owner,Rent,8200.00
Rent paid to the landlord,Rent,16550.00
Hostel stay in Rishikesh,Travel,2100.00
Trekking package to Ladakh,Travel,26150.00
Software subscription renewal for Adobe,Utilities,6200.00
Breakfast from a street cart,Food,480.00
Plumbing repair via an on-call technician,Utilities,1300.00
Train ticket booking via IRCTC,Transport,2800.00
Flight ticket to Singapore,Travel,13750.00
Train ticket booking via IRCTC,Transport,440.00
Books purchased from Amazon,Shopping,410.00
Music festival ticket for a weekend festival,Entertainment,3100.00
Kitchen appliance bought from Amazon,Shopping,11300.00
Parking fee at the airport,Transport,340.00
Gaming purchase from Steam,Entertainment,2200.00
Society maintenance paid via the housing society,Utilities,2200.00
Train journey to Kerala,Travel,560.00
Homestay booking in Coorg,Travel,7400.00
Furniture bought from a local showroom,Shopping,15300.00
Train ticket booking via IRCTC,Transport,530.00
Scooter rental via Bounce,Transport,670.00
Society maintenance paid via the building association,Utilities,1300.00
House rent payment via the landlord,Rent,11550.00
Hotel booking in Bangkok,Travel,9850.00
Train ticket booking via IRCTC,Transport,1250.00
EMI payment for home loan via NEFT transfer,Rent,29050.00
Gaming accessories bought from Flipkart,Shopping,6950.00
Electrician service fee via an on-call technician,Utilities,1000.00
Delivery order from Zomato,Food,330.00
EMI payment for home loan via bank auto-debit,Rent,39850.00
Coffee at CCD,Food,420.00
New sneakers from a local store,Shopping,2500.00
Subscription renewal for Netflix,Entertainment,440.00
EMI payment for home loan via NEFT transfer,Rent,26000.00
Traffic fine paid to the traffic police,Transport,780.00
Monthly apartment rent paid via NoBroker,Rent,18600.00
EMI payment for home loan via NEFT transfer,Rent,24100.00
Tiffin service from a nearby dhaba,Food,1800.00
Camera purchased from Amazon,Shopping,23700.00
Monthly electricity bill from the state electricity board,Utilities,1600.00
Mobile recharge for Vodafone,Utilities,750.00
Tiffin service from a nearby dhaba,Food,3400.00
Movie tickets at the local theatre,Entertainment,640.00
Rental deposit refund via bank transfer,Rent,23150.00
Groceries from a supermarket,Food,950.00
Flat maintenance charges via the building association,Rent,1050.00
Security deposit for flat via NoBroker,Rent,29800.00
Jeans purchased from Levi's,Shopping,1950.00
Fuel refill at a local fuel station,Transport,3900.00
Fuel refill at HP petrol pump,Transport,2800.00
Tiffin service from a home cook,Food,2100.00
Rental deposit refund via bank transfer,Rent,28300.00
Rental deposit refund via UPI transfer,Rent,23900.00
Bus trip to Pondicherry,Travel,760.00
Ice cream from Baskin Robbins,Food,120.00
Dinner at a local restaurant,Food,740.00
Smartwatch purchased from Flipkart,Shopping,8900.00
Flight ticket to Delhi,Travel,20950.00
Streaming device purchase (Firestick),Entertainment,3650.00
Subscription renewal for Netflix,Entertainment,1500.00
Cab ride from airport in Mumbai,Travel,1700.00
Monthly electricity bill from BESCOM,Utilities,940.00
Jeans purchased from Myntra,Shopping,3250.00
Visa fee for Europe trip,Travel,4800.00
Ice cream from a local parlour,Food,250.00
Car service at the authorized service center,Transport,9250.00
Rent paid to the property manager,Rent,11000.00
Auto rickshaw fare via a local auto stand,Transport,200.00
Online course enrollment on Udemy,Entertainment,3200.00
Security deposit for flat via NoBroker,Rent,57600.00
Scooter rental via Bounce,Transport,700.00
Security deposit for flat via MagicBricks,Rent,35000.00
Metro card recharge for Delhi Metro,Transport,970.00
Monthly apartment rent paid via UPI transfer,Rent,24450.00
Monthly PG rent payment via UPI transfer,Rent,14600.00
Ferry ticket to Goa,Travel,620.00
New sneakers from Myntra,Shopping,4200.00
Fuel refill at a local fuel station,Transport,1100.00
Groceries from a supermarket,Food,800.00
Cab ride from airport in Bangkok,Travel,1400.00
Furniture bought from a local showroom,Shopping,42450.00
House rent payment via bank transfer,Rent,22650.00
Backpack bought from a local store,Shopping,1800.00
Mobile recharge for Vodafone,Utilities,290.00
Society maintenance fee via the housing society,Rent,720.00
House rent payment via bank transfer,Rent,28200.00
Tiffin service from a nearby dhaba,Food,3050.00
Train journey to Kerala,Travel,1850.00
Dinner at a local restaurant,Food,3050.00
Furniture bought from Urban Ladder,Shopping,13650.00
Lunch at McDonald's,Food,170.00
Books purchased from Crossword,Shopping,490.00
Security deposit for flat via MagicBricks,Rent,21250.00
Camera purchased from Amazon,Shopping,44700.00
Bike service at the local garage,Transport,320.00
Bus ticket booked via the state transport corporation,Transport,630.00
Car service at the authorized service center,Transport,6050.00
Society maintenance fee via the building association,Rent,2650.00
Gaming accessories bought from Flipkart,Shopping,2650.00
Bus ticket booked via BMTC,Transport,760.00
Hotel booking in Jaipur,Travel,8350.00
Plumbing repair via a local plumber,Utilities,1450.00
Society maintenance paid via the building association,Utilities,1700.00
Plumbing repair via a local plumber,Utilities,1650.00
Train ticket booking via Indian Railways,Transport,1800.00
Late fee for rent payment via the landlord,Rent,1150.00
Traffic fine paid to the traffic police,Transport,350.00
Homestay booking in Munnar,Travel,2300.00
Internet bill from BSNL,Utilities,2450.00
New jacket bought from a local store,Shopping,2250.00
New jacket bought from Myntra,Shopping,3250.00
Bus ticket booked via the state transport corporation,Transport,520.00
Visa fee for Dubai trip,Travel,8650.00
Rental deposit refund via bank transfer,Rent,10350.00
Train journey to Kerala,Travel,600.00
Concert tickets for a rock concert,Entertainment,3150.00
Smartwatch purchased from Flipkart,Shopping,17900.00
Traffic fine paid to the RTO,Transport,1500.00
Street food from a local vendor,Food,190.00
Hotel booking in Kerala,Travel,8900.00
Society maintenance fee via the building association,Rent,2950.00
House rent payment via bank transfer,Rent,10000.00
Monthly PG rent payment via the PG owner,Rent,14550.00
Hotel booking in Bangkok,Travel,3000.00
Ferry ticket to Andaman,Travel,440.00
Juice and sandwich at the local cafe,Food,170.00
Tyre replacement at the local garage,Transport,3150.00
Rental deposit refund via bank transfer,Rent,7100.00
Subscription renewal for Spotify,Entertainment,1350.00
Online course enrollment on Udemy,Entertainment,4400.00
Subscription renewal for Netflix,Entertainment,250.00
Dinner at a fine dining restaurant,Food,1300.00
Electrician service fee via a local electrician,Utilities,1300.00
Tyre replacement at the local garage,Transport,3900.00
Lunch at Pizza Hut,Food,400.00
Society maintenance fee via the housing society,Rent,520.00
Breakfast from CCD,Food,630.00
Weekend getaway to Munnar,Travel,17550.00
Ferry ticket to Goa,Travel,410.00
Metro card recharge for Delhi Metro,Transport,1150.00
Electrician service fee via an on-call technician,Utilities,500.00
Tyre replacement at the local garage,Transport,6400.00
Mobile recharge for BSNL,Utilities,1450.00
Museum entry at an art gallery,Entertainment,250.00
Movie tickets at INOX,Entertainment,670.00
Home security service fee via an alarm monitoring service,Utilities,1250.00
Weekend getaway to Pondicherry,Travel,6100.00
House rent payment via the landlord,Rent,10250.00
Movie tickets at INOX,Entertainment,1250.00
Visa fee for Dubai trip,Travel,8150.00
Monthly apartment rent paid via UPI transfer,Rent,24800.00
Electrician service fee via a local electrician,Utilities,580.00
Internet bill from ACT Fibernet,Utilities,2150.00
EMI payment for home loan via bank auto-debit,Rent,18800.00
EMI payment for home loan via NEFT transfer,Rent,14700.00
Metro card recharge for Namma Metro,Transport,1500.00
Monthly apartment rent paid via UPI transfer,Rent,24100.00
Dinner at a hotel restaurant,Food,1300.00
Rental deposit refund via bank transfer,Rent,9550.00
Concert tickets for a live show,Entertainment,2050.00
Online course enrollment on an online learning platform,Entertainment,2750.00
Flight ticket to Singapore,Travel,18650.00
Smartwatch purchased from Flipkart,Shopping,2600.00
Society maintenance paid via the housing society,Utilities,1200.00
Furniture bought from a local showroom,Shopping,24800.00
New jacket bought from Myntra,Shopping,1950.00
Gaming purchase from PlayStation Store,Entertainment,2250.00
House rent payment via the landlord,Rent,25100.00
Amusement park entry at Essel World,Entertainment,770.00
Electrician service fee via an on-call technician,Utilities,680.00
Visa fee for Europe trip,Travel,5250.00
New sneakers from Myntra,Shopping,1950.00
Scooter rental via Rapido,Transport,430.00
Train journey to Delhi,Travel,2150.00
Smartwatch purchased from Amazon,Shopping,14800.00
Amusement park entry at Wonderla,Entertainment,2050.00
Dinner at a Chinese restaurant,Food,2400.00
Museum entry at a heritage site,Entertainment,540.00
Visa fee for Europe trip,Travel,6150.00
Gaming accessories bought from a local computer store,Shopping,2600.00
Ferry ticket to Goa,Travel,840.00
Visa fee for Dubai trip,Travel,2100.00
Fuel refill at Shell,Transport,2500.00
Gaming purchase from Steam,Entertainment,610.00
Rental deposit refund via UPI transfer,Rent,25650.00
House rent payment via UPI transfer,Rent,9250.00
Cab ride from airport in Delhi,Travel,2550.00
Online course enrollment on Udemy,Entertainment,2550.00
Smartwatch purchased from Flipkart,Shopping,18650.00
Delivery order from a local restaurant,Food,1200.00
Car service at the local garage,Transport,5100.00
Smartwatch purchased from Croma,Shopping,10250.00
Online course enrollment on Udemy,Entertainment,3450.00
Mobile recharge for Vodafone,Utilities,1200.00
Groceries from a supermarket,Food,790.00
Trekking package to Ladakh,Travel,9400.00
Train ticket booking via Indian Railways,Transport,810.00
Water bill payment to the municipal corporation,Utilities,360.00
Train journey to Kerala,Travel,1400.00
Backpack bought from Decathlon,Shopping,2750.00
Groceries from a local vendor,Food,1350.00
Parking fee at the multiplex,Transport,260.00
Trekking package to Himachal,Travel,6500.00
Homestay booking in Coorg,Travel,1800.00
Train ticket booking via IRCTC,Transport,2350.00
Bike service at a bike workshop,Transport,1500.00
Coffee at CCD,Food,400.00
Late fee for rent payment via the landlord,Rent,230.00
Water bill payment to the water board,Utilities,580.00
Traffic fine paid to the RTO,Transport,260.00
House rent payment via UPI transfer,Rent,13100.00
Books purchased from Amazon,Shopping,460.00
Train journey to Mumbai,Travel,1800.00
Flat maintenance charges via the building association,Rent,2300.00
Late fee for rent payment via the landlord,Rent,420.00
Flat maintenance charges via MagicBricks,Rent,1700.00
Online course enrollment on Udemy,Entertainment,850.00
Groceries from a local vendor,Food,3500.00
Furniture bought from Pepperfry,Shopping,4300.00
Security deposit for flat via MagicBricks,Rent,54400.00
Groceries from a local vendor,Food,1650.00
Society maintenance fee via the building association,Rent,2250.00
Movie tickets at the local theatre,Entertainment,620.00
Concert tickets for a music festival,Entertainment,1600.00
Plumbing repair via a local plumber,Utilities,610.00
Theatre tickets for a musical,Entertainment,560.00
Security deposit for flat via the landlord,Rent,22700.00
Car service at the authorized service center,Transport,5150.00
Monthly electricity bill from BESCOM,Utilities,1850.00
Groceries from a supermarket,Food,640.00
Software subscription renewal for a cloud storage plan,Utilities,1600.00
Furniture bought from Pepperfry,Shopping,26400.00
Toll charges on the highway,Transport,170.00
Ferry ticket to a nearby island,Travel,410.00
Lunch at a local dhaba,Food,580.00
Rental deposit refund via UPI transfer,Rent,17350.00
Bike service at the service center,Transport,1200.00
Music festival ticket for a weekend festival,Entertainment,2400.00
Ferry ticket to Goa,Travel,1350.00
T-shirt bought from Amazon,Shopping,1200.00
Cab ride from airport in Dubai,Travel,1250.00
Coffee at a local cafe,Food,460.00
Train journey to Delhi,Travel,2700.00
Homestay booking in Darjeeling,Travel,7850.00
Jeans purchased from Myntra,Shopping,3300.00
Toll charges on the expressway toll plaza,Transport,110.00
Backpack bought from Decathlon,Shopping,3150.00
Cab ride via Uber,Transport,600.00
Gas cylinder refill from Bharat Gas,Utilities,1200.00
Flight ticket to Goa,Travel,7450.00
Internet bill from BSNL,Utilities,1300.00
Hotel booking in Udaipur,Travel,9200.00
Concert tickets for a rock concert,Entertainment,2500.00
Late fee for rent payment via the landlord,Rent,440.00
Monthly PG rent payment via the PG owner,Rent,12600.00
Weekend getaway to Munnar,Travel,15950.00
Theatre tickets for a musical,Entertainment,990.00
Gaming accessories bought from a local computer store,Shopping,4800.00
Homestay booking in Rishikesh,Travel,2850.00
Museum entry at an art gallery,Entertainment,100.00
Traffic fine paid to the RTO,Transport,510.00
Visa fee for Singapore trip,Travel,7050.00
Car service at the authorized service center,Transport,3850.00
Amusement park entry at an adventure park,Entertainment,740.00
Groceries from a local vendor,Food,3150.00
Gaming purchase from Xbox Store,Entertainment,4300.00
Water bill payment to the municipal corporation,Utilities,470.00
Ice cream from a local parlour,Food,240.00
Scooter rental via Yulu,Transport,680.00
Train ticket booking via IRCTC,Transport,1100.00
Homestay booking in Rishikesh,Travel,4700.00
Water bill payment to the water board,Utilities,460.00
Music festival ticket for a weekend festival,Entertainment,4700.00
Visa fee for Dubai trip,Travel,6650.00
Dinner at Barista,Food,3350.00
Delivery order from Domino's,Food,560.00
Homestay booking in Munnar,Travel,1900.00
Books purchased from Amazon,Shopping,710.00
Museum entry at a city museum,Entertainment,580.00
Gaming purchase from Steam,Entertainment,4700.00
Tyre replacement at the local garage,Transport,5500.00
Security deposit for flat via NoBroker,Rent,17950.00
Monthly apartment rent paid via NoBroker,Rent,15950.00
Museum entry at an art gallery,Entertainment,300.00
Electrician service fee via an on-call technician,Utilities,1900.00
Museum entry at a city museum,Entertainment,250.00
Insurance premium payment to LIC,Utilities,14850.00
Monthly electricity bill from BESCOM,Utilities,4550.00
Furniture bought from Urban Ladder,Shopping,10700.00
Books purchased from a local bookstore,Shopping,1050.00
Breakfast from Swiggy,Food,160.00
House rent payment via UPI transfer,Rent,25850.00
Furniture bought from Urban Ladder,Shopping,14850.00
Lunch at Subway,Food,280.00
Auto rickshaw fare via a local auto stand,Transport,160.00
Visa fee for Dubai trip,Travel,8800.00
Gaming accessories bought from Amazon,Shopping,5500.00
Gaming purchase from Xbox Store,Entertainment,3600.00
Backpack bought from Amazon,Shopping,2100.00
Books purchased from Amazon,Shopping,1900.00
Rent paid to the property manager,Rent,23300.00
New jacket bought from Amazon,Shopping,3350.00
Furniture bought from Urban Ladder,Shopping,12750.00
Society maintenance paid via the housing society,Utilities,4500.00
Homestay booking in Munnar,Travel,2850.00
Ice cream from Baskin Robbins,Food,270.00
Water bill payment to the water board,Utilities,710.00
Society maintenance fee via the building association,Rent,960.00
Homestay booking in Rishikesh,Travel,3900.00
Ice cream from Baskin Robbins,Food,370.00
Dinner at a hotel restaurant,Food,2900.00
Rent paid to the property manager,Rent,8850.00
Juice and sandwich at a street stall,Food,230.00
Car service at the local garage,Transport,11450.00
Parking fee at the mall,Transport,210.00
DTH recharge for Tata Sky,Utilities,310.00
Fuel refill at IOC,Transport,1250.00
Home security service fee via an alarm monitoring service,Utilities,1850.00
Weekend getaway to Coorg,Travel,12300.00
Furniture bought from a local showroom,Shopping,33800.00
Ice cream from a street vendor,Food,160.00
Furniture bought from Urban Ladder,Shopping,6750.00
Juice and sandwich at the local cafe,Food,380.00
Metro card recharge for BMRCL,Transport,200.00
Gaming purchase from PlayStation Store,Entertainment,3100.00
Electrician service fee via an on-call technician,Utilities,520.00
DTH recharge for Tata Sky,Utilities,220.00
Tiffin service from a nearby dhaba,Food,2950.00
Dinner at a local restaurant,Food,2700.00
Late fee for rent payment via UPI transfer,Rent,470.00
Security deposit for flat via the landlord,Rent,36050.00
New jacket bought from Amazon,Shopping,4350.00
Cab ride via Rapido,Transport,2150.00
Concert tickets for a live show,Entertainment,2750.00
Ice cream from Baskin Robbins,Food,330.00
Software subscription renewal for Adobe,Utilities,5900.00
Visa fee for Thailand trip,Travel,2850.00
Cab ride from airport in Bangkok,Travel,2800.00
Movie tickets at INOX,Entertainment,610.00
Late fee for rent payment via the landlord,Rent,1100.00
Tiffin service from a home cook,Food,3150.00
Gaming accessories bought from Flipkart,Shopping,5600.00
Mobile recharge for Airtel,Utilities,670.00
Train ticket booking via IRCTC,Transport,2050.00
Train ticket booking via IRCTC,Transport,790.00
Fuel refill at HP petrol pump,Transport,4250.00
Lunch at KFC,Food,1200.00
T-shirt bought from Amazon,Shopping,460.00
Amusement park entry at Essel World,Entertainment,1750.00
EMI payment for home loan via bank auto-debit,Rent,20500.00
Delivery order from Swiggy,Food,1000.00
Homestay booking in Coorg,Travel,4100.00
New sneakers from Myntra,Shopping,4900.00
DTH recharge for Airtel Digital TV,Utilities,550.00
Rent paid to the landlord,Rent,15600.00
Train ticket booking via IRCTC,Transport,1200.00
Groceries from the neighborhood store,Food,680.00
Music festival ticket for a weekend festival,Entertainment,2600.00
Lunch at Pizza Hut,Food,190.00
Metro card recharge for Delhi Metro,Transport,670.00
Movie tickets at PVR,Entertainment,860.00
Breakfast from Swiggy,Food,350.00
Bike service at the local garage,Transport,1300.00
Tyre replacement at the local garage,Transport,5100.00
Movie tickets at the local theatre,Entertainment,1500.00
Bus ticket booked via RedBus,Transport,970.00
Furniture bought from a local showroom,Shopping,35600.00
Tyre replacement at the tyre shop,Transport,5550.00
Street food from a local vendor,Food,40.00
Rental deposit refund via bank transfer,Rent,8000.00
Rent paid to the landlord,Rent,22950.00
Internet bill from Jio,Utilities,1450.00
Monthly PG rent payment via UPI transfer,Rent,7600.00
Theatre tickets for a musical,Entertainment,770.00
Delivery order from Zomato,Food,480.00
Books purchased from a local bookstore,Shopping,1700.00
Train journey to Kerala,Travel,2650.00
Street food from a roadside stall,Food,150.00
Flight ticket to Dubai,Travel,9950.00
Amusement park entry at Wonderla,Entertainment,1700.00
House rent payment via UPI transfer,Rent,14350.00
Auto rickshaw fare via Uber,Transport,80.00
Dinner at a local restaurant,Food,1700.00
Concert tickets for a rock concert,Entertainment,4000.00
Plumbing repair via an on-call technician,Utilities,1050.00
Trekking package to Ladakh,Travel,6850.00
Train ticket booking via Indian Railways,Transport,920.00
Streaming device purchase (Apple TV),Entertainment,4200.00
Juice and sandwich at a street stall,Food,270.00
Lunch at Subway,Food,380.00
Amusement park entry at Wonderla,Entertainment,1000.00
Home security service fee via an alarm monitoring service,Utilities,2500.00
Streaming device purchase (Apple TV),Entertainment,3800.00
New jacket bought from Myntra,Shopping,4500.00
Society maintenance paid via the housing society,Utilities,3700.00
Mobile recharge for Jio,Utilities,1050.00
New sneakers from a local store,Shopping,2150.00
Rental deposit refund via UPI transfer,Rent,12200.00
Ice cream from a street vendor,Food,230.00
Internet bill from Jio,Utilities,2200.00
Smartwatch purchased from Amazon,Shopping,4650.00
Subscription renewal for Hotstar,Entertainment,310.00
Weekend getaway to Rishikesh,Travel,8700.00
Amusement park entry at an adventure park,Entertainment,1100.00
Tiffin service from the local vendor,Food,2400.00
Homestay booking in Coorg,Travel,5050.00
Tyre replacement at the local garage,Transport,3300.00
Bus ticket booked via the state transport corporation,Transport,960.00
Gas cylinder refill from Bharat Gas,Utilities,950.00
Car service at the authorized service center,Transport,7750.00
Flight ticket to Dubai,Travel,7400.00
Headphones purchased from Croma,Shopping,1650.00
Electrician service fee via an on-call technician,Utilities,820.00
Bus ticket booked via BMTC,Transport,360.00
Toll charges on the highway,Transport,100.00
DTH recharge for Dish TV,Utilities,210.00
New sneakers from Myntra,Shopping,1900.00
Lunch at Burger King,Food,1050.00
Theatre tickets for a musical,Entertainment,740.00
Society maintenance fee via the housing society,Rent,1150.00
Auto rickshaw fare via a local auto stand,Transport,290.00
Monthly electricity bill from BESCOM,Utilities,5900.00
Ferry ticket to Andaman,Travel,1650.00
Backpack bought from Decathlon,Shopping,2700.00
Car service at the authorized service center,Transport,3700.00
Water bill payment to the water board,Utilities,540.00
Car service at the authorized service center,Transport,4750.00
Ferry ticket to Andaman,Travel,1350.00
Software subscription renewal for Adobe,Utilities,4150.00
Monthly PG rent payment via UPI transfer,Rent,10800.00
Dinner at a rooftop cafe,Food,1000.00
Electrician service fee via an on-call technician,Utilities,510.00
Kitchen appliance bought from Reliance Digital,Shopping,10900.00
Tiffin service from a home cook,Food,2800.00
Delivery order from Swiggy,Food,940.00
Streaming device purchase (Apple TV),Entertainment,7100.00
Insurance premium payment to ICICI Lombard,Utilities,7550.00
Flight ticket to Goa,Travel,18950.00
Furniture bought from a local showroom,Shopping,14200.00
New jacket bought from Myntra,Shopping,4100.00
Traffic fine paid to the traffic police,Transport,930.00
Subscription renewal for Spotify,Entertainment,780.00
Books purchased from a local bookstore,Shopping,660.00
Hostel stay in Goa,Travel,1400.00
Flight ticket to Bangkok,Travel,19100.00
Late fee for rent payment via UPI transfer,Rent,1300.00
Flight ticket to Goa,Travel,10900.00
Headphones purchased from Amazon,Shopping,5250.00
Software subscription renewal for a cloud storage plan,Utilities,5550.00
Groceries from a supermarket,Food,1800.00
Metro card recharge for BMRCL,Transport,920.00
Subscription renewal for Spotify,Entertainment,330.00
Train ticket booking via IRCTC,Transport,470.00
T-shirt bought from Myntra,Shopping,990.00
Scooter rental via Bounce,Transport,400.00
Ice cream from a street vendor,Food,120.00
Fuel refill at IOC,Transport,4400.00
Dinner at with colleagues,Food,2400.00
Gaming purchase from Xbox Store,Entertainment,4150.00
Breakfast from Zomato,Food,580.00
Trekking package to Himachal,Travel,29450.00
Train ticket booking via IRCTC,Transport,1550.00
Water bill payment to the water board,Utilities,440.00
Camera purchased from Amazon,Shopping,10800.00
Visa fee for Dubai trip,Travel,5100.00
Groceries from a local vendor,Food,3000.00
Weekend getaway to Pondicherry,Travel,12950.00
Late fee for rent payment via UPI transfer,Rent,750.00
Parking fee at the mall,Transport,420.00
Fuel refill at Shell,Transport,4450.00
Ice cream from a local parlour,Food,160.00
Music festival ticket for a weekend festival,Entertainment,6750.00
Traffic fine paid to the traffic police,Transport,420.00
Weekend getaway to Coorg,Travel,10450.00
Cab ride via Rapido,Transport,2000.00
Toll charges on the expressway toll plaza,Transport,320.00
Rental deposit refund via bank transfer,Rent,25700.00
Streaming device purchase (Firestick),Entertainment,7300.00
Gaming accessories bought from Amazon,Shopping,1550.00
Groceries from a supermarket,Food,470.00
Books purchased from Crossword,Shopping,1300.00
Theatre tickets for a play,Entertainment,490.00
Museum entry at a heritage site,Entertainment,360.00
Gas cylinder refill from Bharat Gas,Utilities,710.00
Theatre tickets for a stand-up comedy show,Entertainment,490.00
Theatre tickets for a play,Entertainment,1500.00
Music festival ticket for a weekend festival,Entertainment,7400.00
Theatre tickets for a musical,Entertainment,1150.00
Electrician service fee via an on-call technician,Utilities,1100.00
Furniture bought from a local showroom,Shopping,3350.00
Ferry ticket to Andaman,Travel,1950.00
Gaming purchase from Xbox Store,Entertainment,3200.00
Theatre tickets for a play,Entertainment,450.00
Gaming purchase from PlayStation Store,Entertainment,4500.00
Museum entry at a heritage site,Entertainment,370.00
Museum entry at a city museum,Entertainment,490.00
Lunch at the college canteen,Food,240.00
Books purchased from Amazon,Shopping,700.00
Breakfast from Swiggy,Food,310.00
Internet bill from Jio,Utilities,730.00
Car service at the authorized service center,Transport,2800.00
Museum entry at an art gallery,Entertainment,320.00
Rental deposit refund via UPI transfer,Rent,29300.00
Mobile recharge for Airtel,Utilities,1500.00
Tyre replacement at the local garage,Transport,2100.00
Trekking package to Himachal,Travel,24550.00
T-shirt bought from Myntra,Shopping,1050.00
Dinner at Barista,Food,1100.00
New jacket bought from Myntra,Shopping,1550.00
Insurance premium payment to ICICI Lombard,Utilities,9450.00
Street food from a food truck,Food,190.00
Breakfast from CCD,Food,560.00
Tyre replacement at the local garage,Transport,6100.00
Insurance premium payment to HDFC Ergo,Utilities,13950.00
Breakfast from CCD,Food,100.00
Homestay booking in Coorg,Travel,5850.00
Homestay booking in Munnar,Travel,2700.00
Hotel booking in Jaipur,Travel,2700.00
Fuel refill at IOC,Transport,1350.00
Hotel booking in Udaipur,Travel,3200.00
Concert tickets for a rock concert,Entertainment,4350.00
Online course enrollment on an online learning platform,Entertainment,5000.00
Trekking package to Himachal,Travel,21050.00
DTH recharge for Dish TV,Utilities,560.00
Camera purchased from Amazon,Shopping,49500.00
Music festival ticket for a weekend festival,Entertainment,5050.00
Monthly apartment rent paid via NoBroker,Rent,24750.00
Movie tickets at the local theatre,Entertainment,1350.00
Monthly apartment rent paid via UPI transfer,Rent,22950.00
Online course enrollment on an online learning platform,Entertainment,1100.00
Kitchen appliance bought from Reliance Digital,Shopping,10300.00
EMI payment for home loan via bank auto-debit,Rent,34650.00
Music festival ticket for a local band show,Entertainment,3000.00
Mobile recharge for Jio,Utilities,540.00
Museum entry at a city museum,Entertainment,410.00
Homestay booking in Darjeeling,Travel,4300.00
Flat maintenance charges via the building association,Rent,1700.00
Kitchen appliance bought from Croma,Shopping,9150.00
Lunch at the college canteen,Food,480.00
Theatre tickets for a stand-up comedy show,Entertainment,560.00
Subscription renewal for Amazon Prime,Entertainment,380.00
Ferry ticket to Goa,Travel,1750.00
Gas cylinder refill from HP Gas,Utilities,810.00
Mobile recharge for BSNL,Utilities,900.00
Juice and sandwich at a street stall,Food,370.00
Trekking package to Uttarakhand,Travel,8850.00
Rent paid to the landlord,Rent,10150.00
Lunch at Burger King,Food,750.00
House rent payment via UPI transfer,Rent,25500.00
Hostel stay in Goa,Travel,730.00
Hotel booking in Manali,Travel,1600.00
Smartwatch purchased from Flipkart,Shopping,17500.00
Headphones purchased from Amazon,Shopping,5200.00
Ice cream from a local parlour,Food,310.00
Society maintenance paid via the building association,Utilities,3950.00
Visa fee for Thailand trip,Travel,7500.00
Monthly electricity bill from BESCOM,Utilities,1250.00
Hostel stay in Goa,Travel,2250.00
Monthly PG rent payment via UPI transfer,Rent,14050.00
Groceries from a supermarket,Food,2450.00
Metro card recharge for Namma Metro,Transport,1000.00
Cab ride from airport in Delhi,Travel,2400.00
Coffee at Starbucks,Food,370.00
Software subscription renewal for Microsoft 365,Utilities,6950.00
Internet bill from ACT Fibernet,Utilities,1900.00
Bus trip to Pondicherry,Travel,1600.00
Gaming accessories bought from Amazon,Shopping,4550.00
Scooter rental via Yulu,Transport,590.00
Books purchased from a local bookstore,Shopping,580.00
Backpack bought from a local store,Shopping,2050.00
Subscription renewal for Hotstar,Entertainment,820.00
Monthly apartment rent paid via NoBroker,Rent,19850.00
Bus trip to Coorg,Travel,760.00
Auto rickshaw fare via Ola,Transport,260.00
Internet bill from BSNL,Utilities,1850.00
Internet bill from Jio,Utilities,640.00
Society maintenance paid via the housing society,Utilities,4000.00
EMI payment for home loan via NEFT transfer,Rent,14250.00
Weekend getaway to Pondicherry,Travel,16500.00
Auto rickshaw fare via Uber,Transport,60.00
Water bill payment to the municipal corporation,Utilities,410.00
Internet bill from BSNL,Utilities,1800.00
Train ticket booking via Indian Railways,Transport,1350.00
Street food from a roadside stall,Food,290.00
Plumbing repair via a local plumber,Utilities,1600.00
Cab ride via Ola,Transport,520.00
Tyre replacement at the tyre shop,Transport,5100.00
Monthly PG rent payment via UPI transfer,Rent,10600.00
Tyre replacement at the local garage,Transport,5700.00
Scooter rental via Yulu,Transport,330.00
Gaming accessories bought from Amazon,Shopping,2100.00
Lunch at a local dhaba,Food,110.00
EMI payment for home loan via NEFT transfer,Rent,26900.00
Scooter rental via Rapido,Transport,730.00
Coffee at a local cafe,Food,400.00
Bus ticket booked via RedBus,Transport,680.00
Bus trip to Coorg,Travel,780.00
Fuel refill at HP petrol pump,Transport,3550.00
Cab ride via Ola,Transport,460.00
Online course enrollment on Udemy,Entertainment,2400.00
Ferry ticket to Goa,Travel,1700.00
Online course enrollment on Udemy,Entertainment,1650.00
Delivery order from Domino's,Food,910.00
Music festival ticket for a local band show,Entertainment,1350.00
Parking fee at the multiplex,Transport,460.00
Rent paid to the landlord,Rent,17250.00
Breakfast from Zomato,Food,170.00
Bus ticket booked via the state transport corporation,Transport,650.00
Visa fee for Dubai trip,Travel,7600.00
EMI payment for home loan via NEFT transfer,Rent,36850.00
DTH recharge for Airtel Digital TV,Utilities,390.00
Subscription renewal for Hotstar,Entertainment,880.00
Monthly electricity bill from BESCOM,Utilities,4650.00
Visa fee for Dubai trip,Travel,6100.00
Books purchased from Crossword,Shopping,1150.00
Coffee at CCD,Food,90.00
Gaming purchase from PlayStation Store,Entertainment,3650.00
Camera purchased from Amazon,Shopping,43250.00
Mobile recharge for Airtel,Utilities,600.00
EMI payment for home loan via bank auto-debit,Rent,26300.00
Society maintenance paid via the building association,Utilities,1500.00
Flight ticket to Bangkok,Travel,24350.00
Furniture bought from Urban Ladder,Shopping,5800.00
New sneakers from a local store,Shopping,7200.00
Train ticket booking via Indian Railways,Transport,860.00
Bus trip to Goa,Travel,990.00
Car service at the authorized service center,Transport,2600.00
Music festival ticket for a weekend festival,Entertainment,6000.00
New jacket bought from Myntra,Shopping,1850.00
Streaming device purchase (Chromecast),Entertainment,2800.00
Rental deposit refund via bank transfer,Rent,13150.00
Internet bill from Jio,Utilities,2350.00
Software subscription renewal for Microsoft 365,Utilities,1600.00
Late fee for rent payment via UPI transfer,Rent,820.00
Monthly electricity bill from BESCOM,Utilities,1800.00
Coffee at a local cafe,Food,410.00
Breakfast from Swiggy,Food,130.00
EMI payment for home loan via NEFT transfer,Rent,33050.00
EMI payment for home loan via NEFT transfer,Rent,32200.00
New jacket bought from Myntra,Shopping,1600.00
Security deposit for flat via NoBroker,Rent,28850.00
Electrician service fee via an on-call technician,Utilities,390.00
Scooter rental via Bounce,Transport,660.00
Train journey to Delhi,Travel,880.00
Hotel booking in Kerala,Travel,10150.00
Cab ride via Uber,Transport,1050.00
Rent paid to the landlord,Rent,24800.00
Breakfast from CCD,Food,340.00
Bus trip to Pondicherry,Travel,1050.00
Home security service fee via an alarm monitoring service,Utilities,1650.00
Groceries from the neighborhood store,Food,1450.00
Train journey to Mumbai,Travel,1100.00
Subscription renewal for Spotify,Entertainment,1500.00
Visa fee for Europe trip,Travel,2950.00
Monthly electricity bill from BESCOM,Utilities,4300.00
Dinner at Barista,Food,920.00
Society maintenance fee via the housing society,Rent,1600.00
Rent paid to the landlord,Rent,11700.00
Breakfast from a street cart,Food,600.00
Coffee at Barista,Food,380.00
Car service at the authorized service center,Transport,2900.00
Mobile recharge for Vodafone,Utilities,1400.00
Cab ride from airport in Bangkok,Travel,2350.00
Online course enrollment on an online learning platform,Entertainment,4550.00
Rental deposit refund via UPI transfer,Rent,24850.00
Concert tickets for a rock concert,Entertainment,5300.00
Cab ride from airport in Bangkok,Travel,760.00
DTH recharge for Dish TV,Utilities,570.00
Ice cream from a local parlour,Food,70.00
Water bill payment to the municipal corporation,Utilities,1150.00
Security deposit for flat via the landlord,Rent,29950.00
T-shirt bought from Myntra,Shopping,1350.00
DTH recharge for Tata Sky,Utilities,410.00
Car service at the local garage,Transport,2650.00
Rent paid to the property manager,Rent,19450.00
Kitchen appliance bought from Amazon,Shopping,3350.00
Monthly PG rent payment via the PG owner,Rent,9750.00
Rent paid to the property manager,Rent,22850.00
Auto rickshaw fare via Ola,Transport,30.00
Music festival ticket for a local band show,Entertainment,4650.00
T-shirt bought from Amazon,Shopping,390.00
Tyre replacement at the tyre shop,Transport,7600.00
Cab ride via Rapido,Transport,1950.00
Software subscription renewal for a cloud storage plan,Utilities,6700.00
Home security service fee via a security agency,Utilities,2200.00
Online course enrollment on Udemy,Entertainment,4500.00
EMI payment for home loan via NEFT transfer,Rent,12000.00
Society maintenance fee via the housing society,Rent,1300.00
Traffic fine paid to the RTO,Transport,490.00
Kitchen appliance bought from Reliance Digital,Shopping,14150.00
Monthly electricity bill from the state electricity board,Utilities,4600.00
Online course enrollment on Udemy,Entertainment,2250.00
Train journey to Mumbai,Travel,840.00
New jacket bought from Amazon,Shopping,4300.00
Tiffin service from a nearby dhaba,Food,2150.00
Electrician service fee via an on-call technician,Utilities,1750.00
Gaming accessories bought from Amazon,Shopping,2050.00
Gaming purchase from Xbox Store,Entertainment,4000.00
Train ticket booking via IRCTC,Transport,2600.00
Music festival ticket for a weekend festival,Entertainment,1600.00
Lunch at Burger King,Food,660.00
Late fee for rent payment via the landlord,Rent,620.00
Coffee at a local cafe,Food,140.00
Kitchen appliance bought from Reliance Digital,Shopping,8250.00
Flat maintenance charges via the building association,Rent,850.00
New jacket bought from Amazon,Shopping,2300.00
Lunch at Burger King,Food,1150.00
Insurance premium payment to LIC,Utilities,13200.00
Internet bill from BSNL,Utilities,1050.00
Juice and sandwich at the local cafe,Food,100.00
T-shirt bought from Amazon,Shopping,1400.00
Subscription renewal for Hotstar,Entertainment,330.00
Rental deposit refund via UPI transfer,Rent,27650.00
Home security service fee via a security agency,Utilities,2350.00
Monthly electricity bill from BESCOM,Utilities,2650.00
Coffee at Starbucks,Food,90.00
Music festival ticket for a local band show,Entertainment,1450.00
Coffee at Barista,Food,400.00
Theatre tickets for a play,Entertainment,720.00
Monthly electricity bill from the state electricity board,Utilities,1100.00
Coffee at a local cafe,Food,170.00
Train journey to Mumbai,Travel,2850.00
Delivery order from Domino's,Food,230.00
House rent payment via the landlord,Rent,29950.00
Plumbing repair via a local plumber,Utilities,690.00
Cab ride from airport in Delhi,Travel,2150.00
Society maintenance paid via the housing society,Utilities,4950.00
EMI payment for home loan via bank auto-debit,Rent,33800.00
Monthly electricity bill from BESCOM,Utilities,5050.00
Homestay booking in Munnar,Travel,7250.00
Jeans purchased from Myntra,Shopping,4000.00
Parking fee at the mall,Transport,380.00
Cab ride via Uber,Transport,1000.00
Furniture bought from Urban Ladder,Shopping,16750.00
Cab ride via Ola,Transport,2300.00
Dinner at a fine dining restaurant,Food,3500.00
Concert tickets for a rock concert,Entertainment,2700.00
Movie tickets at INOX,Entertainment,800.00
Jeans purchased from a local store,Shopping,3850.00
Coffee at Barista,Food,450.00
Insurance premium payment to ICICI Lombard,Utilities,10300.00
Traffic fine paid to the traffic police,Transport,1500.00
Coffee at CCD,Food,180.00
Mobile recharge for BSNL,Utilities,970.00
Society maintenance fee via the housing society,Rent,1800.00
Train journey to Jaipur,Travel,690.00
Society maintenance fee via the housing society,Rent,2600.00
Car service at the authorized service center,Transport,3650.00
Online course enrollment on an online learning platform,Entertainment,2100.00
Bike service at the service center,Transport,1100.00
Gaming purchase from PlayStation Store,Entertainment,1400.00
Bus ticket booked via RedBus,Transport,850.00
Monthly apartment rent paid via NoBroker,Rent,18950.00
Scooter rental via Bounce,Transport,770.00
New jacket bought from Myntra,Shopping,4200.00
Lunch at McDonald's,Food,360.00
Smartwatch purchased from Amazon,Shopping,14250.00
Online course enrollment on an online learning platform,Entertainment,4700.00
Gaming purchase from Xbox Store,Entertainment,890.00
Monthly apartment rent paid via NoBroker,Rent,16050.00
Car service at the authorized service center,Transport,5750.00
Music festival ticket for a weekend festival,Entertainment,3650.00
Backpack bought from Amazon,Shopping,1900.00
Music festival ticket for a weekend festival,Entertainment,6200.00
EMI payment for home loan via bank auto-debit,Rent,11850.00
Amusement park entry at Essel World,Entertainment,1400.00
Insurance premium payment to HDFC Ergo,Utilities,1700.00
Gaming purchase from PlayStation Store,Entertainment,3200.00
Late fee for rent payment via UPI transfer,Rent,1250.00
Street food from a food truck,Food,150.00
Online course enrollment on Coursera,Entertainment,2400.00
Movie tickets at PVR,Entertainment,920.00
Software subscription renewal for a cloud storage plan,Utilities,6150.00
Home security service fee via a security agency,Utilities,2150.00
Gaming purchase from PlayStation Store,Entertainment,3000.00
EMI payment for home loan via NEFT transfer,Rent,12450.00
Gaming purchase from PlayStation Store,Entertainment,2700.00
New jacket bought from Amazon,Shopping,2650.00
Mobile recharge for Airtel,Utilities,740.00
Bus trip to Manali,Travel,940.00
Electrician service fee via an on-call technician,Utilities,1050.00
Smartwatch purchased from Amazon,Shopping,3500.00
Gaming accessories bought from Amazon,Shopping,7500.00
Weekend getaway to Coorg,Travel,10600.00
Train ticket booking via IRCTC,Transport,910.00
Home security service fee via a security agency,Utilities,950.00
DTH recharge for Airtel Digital TV,Utilities,480.00
Security deposit for flat via the landlord,Rent,33300.00
Camera purchased from Croma,Shopping,44050.00
Books purchased from Crossword,Shopping,930.00
Street food from a local vendor,Food,110.00
Movie tickets at the local theatre,Entertainment,210.00
Lunch at KFC,Food,670.00
Groceries from a supermarket,Food,2300.00
Streaming device purchase (Apple TV),Entertainment,2850.00
Online course enrollment on an online learning platform,Entertainment,4000.00
Amusement park entry at Wonderla,Entertainment,1350.00
Flat maintenance charges via the building association,Rent,1800.00
Toll charges on the highway,Transport,70.00
Bike service at the service center,Transport,540.00
Headphones purchased from Croma,Shopping,1950.00
Car service at the local garage,Transport,6800.00
Cab ride via Uber,Transport,470.00
Tyre replacement at the tyre shop,Transport,3850.00
Parking fee at the airport,Transport,30.00
Gaming purchase from Xbox Store,Entertainment,1450.00
Software subscription renewal for Microsoft 365,Utilities,5700.00
Monthly PG rent payment via UPI transfer,Rent,14150.00
New jacket bought from a local store,Shopping,5950.00
Rent paid to the property manager,Rent,14150.00
Bus ticket booked via the state transport corporation,Transport,60.00
Bus trip to Coorg,Travel,2300.00
Society maintenance fee via the building association,Rent,610.00
Security deposit for flat via MagicBricks,Rent,43650.00
Museum entry at an art gallery,Entertainment,570.00
Security deposit for flat via the landlord,Rent,22050.00
Groceries from a supermarket,Food,3800.00
Amusement park entry at Essel World,Entertainment,2400.00
Camera purchased from Amazon,Shopping,22650.00
House rent payment via UPI transfer,Rent,26850.00
Street food from a local vendor,Food,270.00
Dinner at a hotel restaurant,Food,2850.00
Society maintenance fee via the building association,Rent,1700.00
Gaming purchase from PlayStation Store,Entertainment,2100.00
Gas cylinder refill from Bharat Gas,Utilities,730.00
T-shirt bought from a local store,Shopping,700.00
Insurance premium payment to ICICI Lombard,Utilities,11900.00
Camera purchased from Croma,Shopping,24900.00
Electrician service fee via a local electrician,Utilities,1150.00
Streaming device purchase (Chromecast),Entertainment,5050.00
Streaming device purchase (Firestick),Entertainment,6400.00
New sneakers from Amazon,Shopping,5850.00
Books purchased from Crossword,Shopping,1900.00
Trekking package to Himachal,Travel,15150.00
Homestay booking in Coorg,Travel,6350.00
Visa fee for Thailand trip,Travel,6150.00
Security deposit for flat via NoBroker,Rent,42750.00
Theatre tickets for a play,Entertainment,790.00
Gas cylinder refill from Bharat Gas,Utilities,920.00
Books purchased from Amazon,Shopping,540.00
Gaming purchase from Xbox Store,Entertainment,3800.00
Rental deposit refund via UPI transfer,Rent,6150.00
Monthly apartment rent paid via NEFT payment,Rent,24400.00
Juice and sandwich at the local cafe,Food,280.00
Bus ticket booked via RedBus,Transport,1100.00
Rent paid to the landlord,Rent,8600.00
Homestay booking in Darjeeling,Travel,2050.00
Mobile recharge for Jio,Utilities,580.00
Trekking package to Ladakh,Travel,13500.00
Theatre tickets for a stand-up comedy show,Entertainment,810.00
Theatre tickets for a play,Entertainment,920.00
Car service at the authorized service center,Transport,8050.00
Car service at the authorized service center,Transport,6300.00
Late fee for rent payment via the landlord,Rent,250.00
Tiffin service from the local vendor,Food,2500.00
Breakfast from a local bakery,Food,350.00
Dinner at Barista,Food,1700.00
Internet bill from Airtel,Utilities,890.00
Online course enrollment on an online learning platform,Entertainment,3150.00
Rental deposit refund via bank transfer,Rent,17850.00
House rent payment via UPI transfer,Rent,18550.00
Water bill payment to the water board,Utilities,850.00
Electrician service fee via a local electrician,Utilities,780.00
Furniture bought from a local showroom,Shopping,29600.00
Books purchased from Crossword,Shopping,1200.00
Plumbing repair via an on-call technician,Utilities,480.00
Homestay booking in Rishikesh,Travel,5350.00
Internet bill from ACT Fibernet,Utilities,1550.00
Fuel refill at a local fuel station,Transport,2800.00
Visa fee for Dubai trip,Travel,3450.00
Fuel refill at Shell,Transport,4350.00
Late fee for rent payment via UPI transfer,Rent,1400.00
New sneakers from Amazon,Shopping,2000.00
Coffee at CCD,Food,170.00
Home security service fee via an alarm monitoring service,Utilities,540.00
House rent payment via the landlord,Rent,27100.00
Mobile recharge for Airtel,Utilities,1400.00
Juice and sandwich at a street stall,Food,200.00
Coffee at CCD,Food,240.00
Tyre replacement at the tyre shop,Transport,3750.00
Delivery order from Domino's,Food,1250.00
EMI payment for home loan via NEFT transfer,Rent,39850.00
Headphones purchased from Amazon,Shopping,5050.00
Headphones purchased from Flipkart,Shopping,5350.00
Music festival ticket for a weekend festival,Entertainment,5650.00
Plumbing repair via a local plumber,Utilities,520.00
Lunch at a local dhaba,Food,1300.00
Water bill payment to the water board,Utilities,530.00
Weekend getaway to Munnar,Travel,19250.00
Amusement park entry at an adventure park,Entertainment,1950.00
Plumbing repair via an on-call technician,Utilities,1700.00
Camera purchased from Reliance Digital,Shopping,11500.00
Music festival ticket for a weekend festival,Entertainment,2950.00
Breakfast from a local bakery,Food,100.00
Gaming accessories bought from Flipkart,Shopping,7900.00
Lunch at KFC,Food,1150.00
Headphones purchased from Amazon,Shopping,2650.00
Rent paid to the property manager,Rent,14200.00
Rental deposit refund via bank transfer,Rent,6050.00
Fuel refill at IOC,Transport,1550.00
Streaming device purchase (Firestick),Entertainment,5200.00
Insurance premium payment to ICICI Lombard,Utilities,7850.00
Furniture bought from Pepperfry,Shopping,23600.00
Bus ticket booked via RedBus,Transport,1150.00
Insurance premium payment to HDFC Ergo,Utilities,9600.00
Theatre tickets for a musical,Entertainment,830.00
Breakfast from Zomato,Food,510.00
Delivery order from Zomato,Food,1250.00
EMI payment for home loan via NEFT transfer,Rent,21400.00
Street food from a roadside stall,Food,110.00
Headphones purchased from Amazon,Shopping,1900.00
Train journey to Kerala,Travel,2200.00
New jacket bought from Amazon,Shopping,5400.00
Flat maintenance charges via MagicBricks,Rent,900.00
Visa fee for Singapore trip,Travel,8350.00
Metro card recharge for BMRCL,Transport,190.00
Ferry ticket to a nearby island,Travel,1650.00
New sneakers from a local store,Shopping,2000.00
New jacket bought from Amazon,Shopping,4450.00
Visa fee for Singapore trip,Travel,3900.00
Flat maintenance charges via the building association,Rent,1150.00
Traffic fine paid to the traffic police,Transport,360.00
Parking fee at the mall,Transport,350.00
Cab ride from airport in Bangkok,Travel,560.00
Mobile recharge for Jio,Utilities,250.00
Tiffin service from a home cook,Food,1850.00
Bus ticket booked via RedBus,Transport,760.00
Tyre replacement at the local garage,Transport,4550.00
Lunch at the college canteen,Food,1050.00
Visa fee for Thailand trip,Travel,2200.00
Toll charges on the highway,Transport,140.00
Train journey to Mumbai,Travel,2550.00
Monthly apartment rent paid via UPI transfer,Rent,17750.00
House rent payment via the landlord,Rent,13950.00
Bike service at a bike workshop,Transport,1350.00
Monthly PG rent payment via UPI transfer,Rent,8800.00
Plumbing repair via a local plumber,Utilities,1300.00
Monthly apartment rent paid via NoBroker,Rent,24550.00
Ice cream from a street vendor,Food,110.00
Home security service fee via a security agency,Utilities,1800.00
Home security service fee via a security agency,Utilities,560.00
Bus ticket booked via BMTC,Transport,1050.00
Monthly PG rent payment via UPI transfer,Rent,9400.00
Bus trip to Goa,Travel,2000.00
Electrician service fee via an on-call technician,Utilities,650.00
Cab ride via Ola,Transport,850.00
DTH recharge for Airtel Digital TV,Utilities,260.00
Cab ride via Rapido,Transport,760.00
Bus trip to Manali,Travel,1350.00
Bus ticket booked via RedBus,Transport,780.00
Street food from a roadside stall,Food,250.00
Jeans purchased from a local store,Shopping,2800.00
Theatre tickets for a play,Entertainment,600.00
Bike service at the local garage,Transport,1850.00
Gaming purchase from Steam,Entertainment,2000.00
Trekking package to Uttarakhand,Travel,23350.00
Fuel refill at IOC,Transport,3650.00
Kitchen appliance bought from Amazon,Shopping,18250.00
Museum entry at an art gallery,Entertainment,120.00
Fuel refill at IOC,Transport,2650.00
Auto rickshaw fare via a local auto stand,Transport,220.00
Street food from a roadside stall,Food,200.00
Delivery order from a local restaurant,Food,780.00
New jacket bought from Myntra,Shopping,2900.00
Movie tickets at the local theatre,Entertainment,1400.00
Music festival ticket for a local band show,Entertainment,4050.00
Metro card recharge for BMRCL,Transport,230.00
Online course enrollment on Udemy,Entertainment,3050.00
Tyre replacement at the tyre shop,Transport,2150.00
Books purchased from Crossword,Shopping,300.00
Cab ride via Ola,Transport,980.00
T-shirt bought from Myntra,Shopping,880.00
Concert tickets for a live show,Entertainment,6300.00
Concert tickets for a rock concert,Entertainment,1100.00
Traffic fine paid to the RTO,Transport,300.00
Plumbing repair via an on-call technician,Utilities,980.00
Insurance premium payment to ICICI Lombard,Utilities,4650.00
Trekking package to Himachal,Travel,14450.00
Homestay booking in Rishikesh,Travel,6100.00
Dinner at with colleagues,Food,2650.00
Furniture bought from a local showroom,Shopping,35650.00
Coffee at a local cafe,Food,430.00
Smartwatch purchased from Flipkart,Shopping,12650.00
Homestay booking in Rishikesh,Travel,3550.00
Scooter rental via Rapido,Transport,680.00
Metro card recharge for BMRCL,Transport,1300.00
T-shirt bought from a local store,Shopping,740.00
Software subscription renewal for a cloud storage plan,Utilities,2650.00
EMI payment for home loan via NEFT transfer,Rent,23750.00
Insurance premium payment to ICICI Lombard,Utilities,11600.00
Concert tickets for a live show,Entertainment,4850.00
Flight ticket to Singapore,Travel,23150.00
Subscription renewal for Amazon Prime,Entertainment,440.00
Theatre tickets for a play,Entertainment,820.00
Ferry ticket to a nearby island,Travel,1350.00
Water bill payment to the water board,Utilities,150.00
Backpack bought from Decathlon,Shopping,1500.00
DTH recharge for Dish TV,Utilities,540.00
Security deposit for flat via MagicBricks,Rent,32100.00
Headphones purchased from Flipkart,Shopping,2250.00
Coffee at Starbucks,Food,140.00
Rental deposit refund via UPI transfer,Rent,14800.00
Jeans purchased from Levi's,Shopping,4700.00
Hostel stay in Jaipur,Travel,1150.00
Rental deposit refund via bank transfer,Rent,28400.00
Cab ride from airport in Delhi,Travel,2100.00
Street food from a food truck,Food,230.00
Car service at the authorized service center,Transport,10200.00
House rent payment via UPI transfer,Rent,17250.00
Late fee for rent payment via UPI transfer,Rent,360.00
Theatre tickets for a play,Entertainment,770.00
Electrician service fee via a local electrician,Utilities,1700.00
Train journey to Jaipur,Travel,2550.00
Streaming device purchase (Chromecast),Entertainment,3850.00
Amusement park entry at Essel World,Entertainment,980.00
Bus ticket booked via the state transport corporation,Transport,1100.00
T-shirt bought from Myntra,Shopping,800.00
Theatre tickets for a play,Entertainment,540.00
Tiffin service from a nearby dhaba,Food,3450.00
Rental deposit refund via UPI transfer,Rent,8250.00
Groceries from BigBasket,Food,1850.00
Online course enrollment on an online learning platform,Entertainment,4450.00
Flat maintenance charges via MagicBricks,Rent,2400.00
Books purchased from Amazon,Shopping,1800.00
Streaming device purchase (Chromecast),Entertainment,4500.00
Breakfast from Swiggy,Food,560.00
Car service at the authorized service center,Transport,4850.00
Flat maintenance charges via the building association,Rent,2500.00
Kitchen appliance bought from Croma,Shopping,10300.00
Smartwatch purchased from Flipkart,Shopping,10550.00
Train ticket booking via Indian Railways,Transport,1650.00
Gaming purchase from Steam,Entertainment,560.00
Gas cylinder refill from Bharat Gas,Utilities,790.00
Rental deposit refund via UPI transfer,Rent,15050.00
Tyre replacement at the local garage,Transport,7500.00
Internet bill from Airtel,Utilities,960.00
Headphones purchased from Croma,Shopping,3500.00
Books purchased from Amazon,Shopping,1450.00
Internet bill from ACT Fibernet,Utilities,990.00
Music festival ticket for a local band show,Entertainment,6200.00
Trekking package to Himachal,Travel,10900.00
Software subscription renewal for Adobe,Utilities,720.00
Music festival ticket for a local band show,Entertainment,4600.00
Camera purchased from Reliance Digital,Shopping,38900.00
Security deposit for flat via NoBroker,Rent,51550.00
Jeans purchased from Levi's,Shopping,3700.00
Bike service at the local garage,Transport,1150.00
Books purchased from Amazon,Shopping,1750.00
Ice cream from Baskin Robbins,Food,400.00
EMI payment for home loan via bank auto-debit,Rent,24250.00
Rent paid to the landlord,Rent,18800.00
T-shirt bought from a local store,Shopping,1350.00
Water bill payment to the municipal corporation,Utilities,730.00
Delivery order from a local restaurant,Food,900.00
Smartwatch purchased from Croma,Shopping,4150.00
Headphones purchased from Flipkart,Shopping,1150.00
Lunch at a food court,Food,1200.00
Subscription renewal for Netflix,Entertainment,770.00
Home security service fee via an alarm monitoring service,Utilities,1100.00
Visa fee for Europe trip,Travel,6300.00
Weekend getaway to Munnar,Travel,11700.00
Home security service fee via a security agency,Utilities,2000.00
Juice and sandwich at the office canteen,Food,180.00
Movie tickets at PVR,Entertainment,490.00
Jeans purchased from Levi's,Shopping,2250.00
DTH recharge for Tata Sky,Utilities,640.00
Ferry ticket to Goa,Travel,1650.00
Society maintenance paid via the building association,Utilities,1450.00
New sneakers from Amazon,Shopping,3200.00
Theatre tickets for a stand-up comedy show,Entertainment,1100.00
EMI payment for home loan via bank auto-debit,Rent,11200.00
Rent paid to the property manager,Rent,19000.00
Rental deposit refund via bank transfer,Rent,5250.00
Jeans purchased from a local store,Shopping,3350.00
Monthly apartment rent paid via UPI transfer,Rent,13650.00
Society maintenance paid via the building association,Utilities,3150.00
Smartwatch purchased from Flipkart,Shopping,6400.00
Movie tickets at INOX,Entertainment,500.00
Movie tickets at the local theatre,Entertainment,940.00
Music festival ticket for a weekend festival,Entertainment,3400.00
EMI payment for home loan via bank auto-debit,Rent,27900.00
Security deposit for flat via the landlord,Rent,20950.00
Gas cylinder refill from Bharat Gas,Utilities,990.00
Scooter rental via Bounce,Transport,550.00
Coffee at a local cafe,Food,180.00
Gaming accessories bought from Flipkart,Shopping,3250.00
Jeans purchased from Myntra,Shopping,4750.00
Theatre tickets for a stand-up comedy show,Entertainment,750.00
Cab ride from airport in Dubai,Travel,2550.00
Monthly apartment rent paid via NoBroker,Rent,10100.00
Streaming device purchase (Chromecast),Entertainment,3150.00
Juice and sandwich at a street stall,Food,330.00
Flight ticket to Bangkok,Travel,14100.00
Subscription renewal for Spotify,Entertainment,260.00
Coffee at Barista,Food,130.00
Metro card recharge for BMRCL,Transport,270.00
Homestay booking in Coorg,Travel,6250.00
Bus trip to Pondicherry,Travel,2350.00
Cab ride via Ola,Transport,2250.00
Rental deposit refund via bank transfer,Rent,13800.00
Train journey to Kerala,Travel,2300.00
Streaming device purchase (Chromecast),Entertainment,4400.00
Hostel stay in Goa,Travel,1200.00
Bike service at the service center,Transport,1950.00
Internet bill from ACT Fibernet,Utilities,1950.00
Movie tickets at INOX,Entertainment,1350.00
Tiffin service from a home cook,Food,3500.00
Car service at the local garage,Transport,6000.00
Homestay booking in Darjeeling,Travel,4100.00
Delivery order from Domino's,Food,1400.00
Lunch at KFC,Food,520.00
Museum entry at a city museum,Entertainment,120.00
DTH recharge for Airtel Digital TV,Utilities,520.00
Society maintenance paid via the building association,Utilities,2700.00
Streaming device purchase (Apple TV),Entertainment,4000.00
Visa fee for Thailand trip,Travel,5800.00
Electrician service fee via an on-call technician,Utilities,1950.00
Scooter rental via Yulu,Transport,340.00
Monthly electricity bill from the state electricity board,Utilities,2150.00
Lunch at the college canteen,Food,1200.00
Fuel refill at HP petrol pump,Transport,1400.00
Toll charges on the expressway toll plaza,Transport,40.00
Tyre replacement at the tyre shop,Transport,6200.00
Groceries from a local vendor,Food,3050.00
Streaming device purchase (Apple TV),Entertainment,7750.00
Headphones purchased from Amazon,Shopping,2900.00
Software subscription renewal for a cloud storage plan,Utilities,1050.00
Society maintenance fee via the housing society,Rent,2450.00
New sneakers from a local store,Shopping,4150.00
Gas cylinder refill from Indane,Utilities,920.00
Groceries from a local vendor,Food,2750.00
Delivery order from Zomato,Food,800.00
Groceries from a local vendor,Food,3450.00
Concert tickets for a music festival,Entertainment,1150.00
Visa fee for Singapore trip,Travel,8300.00
Home security service fee via an alarm monitoring service,Utilities,1550.00
Water bill payment to the municipal corporation,Utilities,640.00
Smartwatch purchased from Flipkart,Shopping,6800.00
Online course enrollment on an online learning platform,Entertainment,600.00
Electrician service fee via an on-call technician,Utilities,1200.00
Jeans purchased from a local store,Shopping,3000.00
Dinner at Barista,Food,1950.00
Ferry ticket to Andaman,Travel,1000.00
Auto rickshaw fare via Ola,Transport,70.00
Streaming device purchase (Apple TV),Entertainment,4800.00
Monthly apartment rent paid via NEFT payment,Rent,24300.00
Camera purchased from Amazon,Shopping,44600.00
Street food from a roadside stall,Food,280.00
Electrician service fee via a local electrician,Utilities,750.00
Furniture bought from Pepperfry,Shopping,39250.00
Bike service at the service center,Transport,1650.00
Music festival ticket for a weekend festival,Entertainment,3800.00
Insurance premium payment to ICICI Lombard,Utilities,8250.00
Headphones purchased from Flipkart,Shopping,2750.00
Monthly PG rent payment via UPI transfer,Rent,10950.00
Monthly apartment rent paid via UPI transfer,Rent,18550.00
Train journey to Mumbai,Travel,1050.00
Metro card recharge for Namma Metro,Transport,340.00
Hotel booking in Kerala,Travel,5800.00
Movie tickets at the local theatre,Entertainment,250.00
Subscription renewal for Spotify,Entertainment,850.00
Backpack bought from Decathlon,Shopping,2900.00
Groceries from BigBasket,Food,3700.00
House rent payment via bank transfer,Rent,27500.00
Trekking package to Ladakh,Travel,9750.00
Security deposit for flat via NoBroker,Rent,58800.00
Concert tickets for a music festival,Entertainment,2900.00
Cab ride from airport in Dubai,Travel,3300.00
Online course enrollment on Coursera,Entertainment,2050.00
Street food from a local vendor,Food,170.00
Cab ride via Ola,Transport,220.00
Internet bill from Jio,Utilities,1750.00
Car service at the authorized service center,Transport,3100.00
Furniture bought from a local showroom,Shopping,34150.00
Mobile recharge for BSNL,Utilities,940.00
Concert tickets for a rock concert,Entertainment,4800.00
New jacket bought from Amazon,Shopping,2350.00
Smartwatch purchased from Croma,Shopping,2600.00
Trekking package to Ladakh,Travel,29400.00
Plumbing repair via an on-call technician,Utilities,520.00
Monthly electricity bill from the state electricity board,Utilities,5100.00
Train journey to Kerala,Travel,2500.00
Lunch at a local dhaba,Food,1150.00
Security deposit for flat via NoBroker,Rent,44050.00
Train journey to Kerala,Travel,1300.00
Late fee for rent payment via UPI transfer,Rent,1100.00
Movie tickets at PVR,Entertainment,1350.00
Online course enrollment on Udemy,Entertainment,3000.00
Streaming device purchase (Firestick),Entertainment,4000.00
Online course enrollment on an online learning platform,Entertainment,3300.00
Jeans purchased from Myntra,Shopping,3900.00
Hotel booking in Udaipur,Travel,4000.00
Mobile recharge for Airtel,Utilities,990.00
Lunch at a local dhaba,Food,990.00
Breakfast from CCD,Food,160.00
Bus trip to Coorg,Travel,1200.00
Monthly PG rent payment via UPI transfer,Rent,7100.00
Dinner at Barista,Food,2000.00
Ice cream from a street vendor,Food,260.00
Toll charges on the highway,Transport,50.00
Homestay booking in Rishikesh,Travel,3050.00
House rent payment via UPI transfer,Rent,20650.00
Backpack bought from Amazon,Shopping,1000.00
Rental deposit refund via UPI transfer,Rent,20550.00
Ferry ticket to Goa,Travel,700.00
Trekking package to Himachal,Travel,6850.00
Hostel stay in Rishikesh,Travel,900.00
Street food from a food truck,Food,240.00
Software subscription renewal for Adobe,Utilities,6250.00
Kitchen appliance bought from Croma,Shopping,3600.00
Music festival ticket for a local band show,Entertainment,3700.00
Software subscription renewal for a cloud storage plan,Utilities,3800.00
Lunch at the college canteen,Food,1250.00
Train journey to Jaipur,Travel,2800.00
Gaming purchase from Xbox Store,Entertainment,710.00
Flight ticket to Singapore,Travel,22000.00
Gas cylinder refill from HP Gas,Utilities,1150.00
Dinner at a Chinese restaurant,Food,1200.00
Streaming device purchase (Chromecast),Entertainment,4650.00
Lunch at KFC,Food,120.00
Smartwatch purchased from Amazon,Shopping,2600.00
Water bill payment to the water board,Utilities,740.00
Gaming purchase from PlayStation Store,Entertainment,630.00
Smartwatch purchased from Flipkart,Shopping,13600.00
Smartwatch purchased from Croma,Shopping,11750.00
Streaming device purchase (Apple TV),Entertainment,6300.00
Concert tickets for a live show,Entertainment,6550.00
Gas cylinder refill from HP Gas,Utilities,720.00
Electrician service fee via a local electrician,Utilities,610.00
Books purchased from Crossword,Shopping,650.00
Ferry ticket to Andaman,Travel,1750.00
Mobile recharge for BSNL,Utilities,1500.00
Dinner at a rooftop cafe,Food,3150.00
Juice and sandwich at the office canteen,Food,230.00
Weekend getaway to Pondicherry,Travel,20000.00
Amusement park entry at an adventure park,Entertainment,1750.00
New sneakers from Amazon,Shopping,4150.00
Subscription renewal for Netflix,Entertainment,430.00
New sneakers from Myntra,Shopping,2600.00
New sneakers from Myntra,Shopping,7550.00
Monthly electricity bill from BESCOM,Utilities,4150.00
Breakfast from Swiggy,Food,590.00
Coffee at a local cafe,Food,80.00
Scooter rental via Rapido,Transport,240.00
Traffic fine paid to the traffic police,Transport,1150.00
Breakfast from a local bakery,Food,130.00
Insurance premium payment to HDFC Ergo,Utilities,4450.00
Flight ticket to Dubai,Travel,12400.00
Train ticket booking via IRCTC,Transport,1650.00
Breakfast from Swiggy,Food,460.00
Backpack bought from a local store,Shopping,1200.00
Electrician service fee via an on-call technician,Utilities,850.00
Museum entry at an art gallery,Entertainment,550.00
New jacket bought from a local store,Shopping,5000.00
Kitchen appliance bought from Amazon,Shopping,8350.00
Visa fee for Dubai trip,Travel,7950.00
Home security service fee via a security agency,Utilities,2400.00
Home security service fee via an alarm monitoring service,Utilities,1300.00
Dinner at a hotel restaurant,Food,2350.00
Cab ride via Rapido,Transport,1300.00
Water bill payment to the water board,Utilities,1200.00
Scooter rental via Yulu,Transport,280.00
Streaming device purchase (Chromecast),Entertainment,4200.00
Weekend getaway to Rishikesh,Travel,19000.00
Rental deposit refund via UPI transfer,Rent,18000.00
Plumbing repair via an on-call technician,Utilities,1100.00
Juice and sandwich at the office canteen,Food,280.00
Furniture bought from Urban Ladder,Shopping,12400.00
Online course enrollment on an online learning platform,Entertainment,4750.00
Street food from a food truck,Food,100.00
Tiffin service from the local vendor,Food,1850.00
Rent paid to the property manager,Rent,10750.00
Headphones purchased from Amazon,Shopping,2600.00
Monthly electricity bill from the state electricity board,Utilities,2400.00
Ferry ticket to Andaman,Travel,990.00
Jeans purchased from Myntra,Shopping,3700.00
Society maintenance fee via the housing society,Rent,2200.00
Trekking package to Himachal,Travel,5100.00
Auto rickshaw fare via a local auto stand,Transport,40.00
Car service at the local garage,Transport,8000.00
Train journey to Delhi,Travel,1750.00
Monthly electricity bill from BESCOM,Utilities,2200.00
Metro card recharge for BMRCL,Transport,690.00
Music festival ticket for a weekend festival,Entertainment,7500.00
Online course enrollment on Coursera,Entertainment,3700.00
Monthly PG rent payment via the PG owner,Rent,7750.00
Rental deposit refund via bank transfer,Rent,14700.00
Flight ticket to Bangkok,Travel,19800.00
Tyre replacement at the tyre shop,Transport,5400.00
Electrician service fee via an on-call technician,Utilities,550.00
Breakfast from Swiggy,Food,380.00
Theatre tickets for a stand-up comedy show,Entertainment,600.00
Monthly apartment rent paid via NEFT payment,Rent,9700.00
Smartwatch purchased from Flipkart,Shopping,3950.00
Theatre tickets for a stand-up comedy show,Entertainment,650.00
Monthly electricity bill from BESCOM,Utilities,4100.00
Music festival ticket for a local band show,Entertainment,6850.00
EMI payment for home loan via bank auto-debit,Rent,39300.00
Weekend getaway to Coorg,Travel,6700.00
Groceries from the neighborhood store,Food,1300.00
DTH recharge for Tata Sky,Utilities,650.00
Monthly electricity bill from the state electricity board,Utilities,2300.00
Groceries from a supermarket,Food,3350.00
Coffee at a local cafe,Food,150.00
Late fee for rent payment via the landlord,Rent,1300.00
Breakfast from Swiggy,Food,170.00
Groceries from BigBasket,Food,3500.00
Rental deposit refund via UPI transfer,Rent,5650.00
Museum entry at an art gallery,Entertainment,400.00
Gaming purchase from PlayStation Store,Entertainment,1800.00
Concert tickets for a music festival,Entertainment,5250.00
Amusement park entry at Essel World,Entertainment,820.00
DTH recharge for Tata Sky,Utilities,250.00
Subscription renewal for Amazon Prime,Entertainment,620.00
Coffee at Barista,Food,440.00
Mobile recharge for Vodafone,Utilities,400.00
Metro card recharge for BMRCL,Transport,820.00
Rent paid to the property manager,Rent,16500.00
Coffee at a local cafe,Food,250.00
Metro card recharge for Delhi Metro,Transport,400.00
Train journey to Jaipur,Travel,2150.00
EMI payment for home loan via NEFT transfer,Rent,25050.00
Delivery order from Swiggy,Food,1100.00
Books purchased from Amazon,Shopping,1100.00
Groceries from the neighborhood store,Food,3750.00
Flight ticket to Bangkok,Travel,12200.00
New jacket bought from a local store,Shopping,5600.00
Fuel refill at HP petrol pump,Transport,1150.00
Security deposit for flat via NoBroker,Rent,36650.00
EMI payment for home loan via bank auto-debit,Rent,15000.00
DTH recharge for Dish TV,Utilities,230.00
Smartwatch purchased from Croma,Shopping,6850.00
Mobile recharge for BSNL,Utilities,610.00
EMI payment for home loan via NEFT transfer,Rent,12350.00
Kitchen appliance bought from Amazon,Shopping,3250.00
Backpack bought from a local store,Shopping,2000.00
Car service at the authorized service center,Transport,6750.00
Train ticket booking via IRCTC,Transport,330.00
Internet bill from ACT Fibernet,Utilities,2300.00
Metro card recharge for Namma Metro,Transport,870.00
Tyre replacement at the local garage,Transport,2400.00
Amusement park entry at Wonderla,Entertainment,1800.00
EMI payment for home loan via bank auto-debit,Rent,30200.00
Hotel booking in Kerala,Travel,13950.00
Streaming device purchase (Chromecast),Entertainment,4000.00
Hotel booking in Udaipur,Travel,7500.00
Rental deposit refund via UPI transfer,Rent,16950.00
New sneakers from Myntra,Shopping,2250.00
Cab ride from airport in Dubai,Travel,1200.00
Monthly PG rent payment via the PG owner,Rent,9100.00
Subscription renewal for Hotstar,Entertainment,720.00
Lunch at McDonald's,Food,620.00
Groceries from the neighborhood store,Food,2250.00
Monthly electricity bill from BESCOM,Utilities,5500.00
Train journey to Mumbai,Travel,520.00
Jeans purchased from Levi's,Shopping,2550.00
Gaming accessories bought from Flipkart,Shopping,5150.00
Museum entry at a heritage site,Entertainment,560.00
Jeans purchased from Myntra,Shopping,2550.00
Hostel stay in Goa,Travel,1950.00
Trekking package to Ladakh,Travel,5450.00
Hotel booking in Goa,Travel,11250.00
DTH recharge for Tata Sky,Utilities,370.00
Groceries from a supermarket,Food,2550.00
Monthly PG rent payment via UPI transfer,Rent,7050.00
Groceries from a local vendor,Food,1550.00
Music festival ticket for a weekend festival,Entertainment,3550.00
Electrician service fee via an on-call technician,Utilities,630.00
Flight ticket to Dubai,Travel,12100.00
Breakfast from Zomato,Food,180.00
Monthly PG rent payment via UPI transfer,Rent,7200.00
Ferry ticket to Goa,Travel,1300.00
Theatre tickets for a musical,Entertainment,1450.00
Headphones purchased from Croma,Shopping,3900.00
Movie tickets at the local theatre,Entertainment,300.00
Parking fee at the airport,Transport,100.00
Books purchased from a local bookstore,Shopping,830.00
Music festival ticket for a local band show,Entertainment,7350.00
Society maintenance paid via the building association,Utilities,2850.00
Cab ride from airport in Delhi,Travel,1550.00
Breakfast from a street cart,Food,340.00
Dinner at Barista,Food,2150.00
Concert tickets for a live show,Entertainment,3950.00
Delivery order from Domino's,Food,880.00
Lunch at Domino's,Food,170.00
Smartwatch purchased from Amazon,Shopping,7050.00
EMI payment for home loan via NEFT transfer,Rent,26650.00
Water bill payment to the municipal corporation,Utilities,320.00
Hostel stay in Goa,Travel,520.00
Subscription renewal for Netflix,Entertainment,1000.00
Amusement park entry at Wonderla,Entertainment,1250.00
Society maintenance paid via the housing society,Utilities,1350.00
Mobile recharge for Vodafone,Utilities,840.00
Groceries from a supermarket,Food,2950.00
Bus trip to Goa,Travel,830.00
Flat maintenance charges via MagicBricks,Rent,1050.00
Dinner at CCD,Food,1150.00
Traffic fine paid to the RTO,Transport,1200.00
Mobile recharge for Airtel,Utilities,1350.00
Rental deposit refund via bank transfer,Rent,10700.00
Movie tickets at INOX,Entertainment,690.00
Monthly PG rent payment via UPI transfer,Rent,9850.00
Auto rickshaw fare via Ola,Transport,110.00
Delivery order from Zomato,Food,470.00
Bus trip to Goa,Travel,1950.00
Monthly electricity bill from the state electricity board,Utilities,3300.00
Internet bill from ACT Fibernet,Utilities,500.00
Cab ride from airport in Dubai,Travel,970.00
Bus trip to Manali,Travel,2100.00
Smartwatch purchased from Croma,Shopping,6700.00
Music festival ticket for a local band show,Entertainment,1800.00
Lunch at McDonald's,Food,330.00
Streaming device purchase (Firestick),Entertainment,3600.00
Breakfast from a local bakery,Food,540.00
Security deposit for flat via the landlord,Rent,36700.00
Rent paid to the landlord,Rent,23800.00
Homestay booking in Munnar,Travel,7850.00
Smartwatch purchased from Amazon,Shopping,16700.00
Monthly PG rent payment via the PG owner,Rent,9350.00
Trekking package to Uttarakhand,Travel,28050.00
Delivery order from Swiggy,Food,1400.00
Gas cylinder refill from Indane,Utilities,810.00
Cab ride from airport in Dubai,Travel,1850.00
Flight ticket to Mumbai,Travel,20650.00
Trekking package to Uttarakhand,Travel,16750.00
Monthly electricity bill from BESCOM,Utilities,3450.00
Monthly PG rent payment via the PG owner,Rent,11200.00
Movie tickets at PVR,Entertainment,1500.00
Insurance premium payment to ICICI Lombard,Utilities,4200.00
Movie tickets at INOX,Entertainment,520.00
Hotel booking in Goa,Travel,12900.00
Tiffin service from a nearby dhaba,Food,2000.00
Auto rickshaw fare via Ola,Transport,200.00
Monthly electricity bill from BESCOM,Utilities,6000.00
Amusement park entry at Wonderla,Entertainment,830.00
Metro card recharge for Namma Metro,Transport,740.00
Homestay booking in Munnar,Travel,4250.00
Street food from a roadside stall,Food,40.00
Fuel refill at Shell,Transport,2800.00
Coffee at Starbucks,Food,160.00
Society maintenance fee via the building association,Rent,2100.00
Software subscription renewal for a cloud storage plan,Utilities,870.00
New sneakers from a local store,Shopping,6950.00
Kitchen appliance bought from Croma,Shopping,3450.00
Hostel stay in Goa,Travel,880.00
Delivery order from Swiggy,Food,350.00
Music festival ticket for a local band show,Entertainment,2800.00
Monthly electricity bill from BESCOM,Utilities,5300.00
Train ticket booking via Indian Railways,Transport,770.00
Street food from a local vendor,Food,120.00
Monthly apartment rent paid via NoBroker,Rent,12250.00
Insurance premium payment to HDFC Ergo,Utilities,13050.00
DTH recharge for Tata Sky,Utilities,600.00
Monthly PG rent payment via UPI transfer,Rent,7000.00
Software subscription renewal for Adobe,Utilities,5600.00
New sneakers from a local store,Shopping,4900.00
Cab ride from airport in Bangkok,Travel,2900.00
Furniture bought from a local showroom,Shopping,10450.00
Groceries from a supermarket,Food,690.00
Coffee at Starbucks,Food,340.00
Subscription renewal for Hotstar,Entertainment,360.00
Kitchen appliance bought from Croma,Shopping,19200.00
Coffee at Barista,Food,100.00
Water bill payment to the municipal corporation,Utilities,340.00
Tiffin service from the local vendor,Food,2150.00
Amusement park entry at an adventure park,Entertainment,1300.00
Backpack bought from Decathlon,Shopping,3350.00
Parking fee at the mall,Transport,260.00
Hotel booking in Bangkok,Travel,13100.00
Bike service at the local garage,Transport,1700.00
Security deposit for flat via MagicBricks,Rent,39550.00
Tyre replacement at the local garage,Transport,5600.00
Breakfast from a local bakery,Food,520.00
Lunch at KFC,Food,260.00
Lunch at Domino's,Food,1400.00
Juice and sandwich at the local cafe,Food,320.00
Auto rickshaw fare via Uber,Transport,100.00
Mobile recharge for Airtel,Utilities,1300.00
Delivery order from Zomato,Food,1400.00
Scooter rental via Yulu,Transport,730.00
New sneakers from a local store,Shopping,3600.00
Books purchased from a local bookstore,Shopping,540.00
Fuel refill at IOC,Transport,3500.00
Coffee at a local cafe,Food,200.00
Gaming purchase from Xbox Store,Entertainment,1600.00
Dinner at Barista,Food,2350.00
Mobile recharge for Jio,Utilities,460.00
Furniture bought from a local showroom,Shopping,4050.00
Concert tickets for a music festival,Entertainment,6400.00
Rental deposit refund via bank transfer,Rent,8150.00
Cab ride from airport in Delhi,Travel,3450.00
Cab ride from airport in Dubai,Travel,2100.00
Software subscription renewal for Microsoft 365,Utilities,3800.00
Society maintenance fee via the housing society,Rent,1350.00
Kitchen appliance bought from Reliance Digital,Shopping,19900.00
EMI payment for home loan via bank auto-debit,Rent,23200.00
Metro card recharge for Delhi Metro,Transport,1200.00
Bus ticket booked via RedBus,Transport,500.00
Theatre tickets for a musical,Entertainment,1100.00
Rental deposit refund via bank transfer,Rent,12700.00
Furniture bought from Urban Ladder,Shopping,36600.00
Breakfast from CCD,Food,650.00
Ferry ticket to a nearby island,Travel,1950.00
New jacket bought from a local store,Shopping,5850.00
Traffic fine paid to the RTO,Transport,910.00
Coffee at CCD,Food,120.00
Late fee for rent payment via UPI transfer,Rent,910.00
Trekking package to Ladakh,Travel,25750.00
Insurance premium payment to LIC,Utilities,6150.00
Smartwatch purchased from Croma,Shopping,18800.00
Cab ride from airport in Delhi,Travel,2050.00
Tiffin service from a nearby dhaba,Food,3000.00
Scooter rental via Yulu,Transport,660.00
Electrician service fee via a local electrician,Utilities,1350.00
Bus trip to Pondicherry,Travel,1550.00
Coffee at CCD,Food,330.00
Amusement park entry at Wonderla,Entertainment,1400.00
Hostel stay in Goa,Travel,2450.00
Hotel booking in Bangkok,Travel,5950.00
Kitchen appliance bought from Amazon,Shopping,9700.00
Smartwatch purchased from Flipkart,Shopping,12900.00
Juice and sandwich at a street stall,Food,120.00
Metro card recharge for Namma Metro,Transport,260.00
Ice cream from Baskin Robbins,Food,210.00
Society maintenance fee via the housing society,Rent,1450.00
Water bill payment to the municipal corporation,Utilities,760.00
Monthly PG rent payment via the PG owner,Rent,6500.00
Flight ticket to Singapore,Travel,23950.00
EMI payment for home loan via bank auto-debit,Rent,34700.00
Tiffin service from a home cook,Food,3100.00
Train ticket booking via IRCTC,Transport,170.00
Gaming purchase from Steam,Entertainment,2450.00
Furniture bought from Urban Ladder,Shopping,16050.00
Backpack bought from a local store,Shopping,2950.00
Tyre replacement at the local garage,Transport,2350.00
Traffic fine paid to the RTO,Transport,1350.00
Rent paid to the landlord,Rent,14650.00
Electrician service fee via an on-call technician,Utilities,1350.00
Breakfast from CCD,Food,380.00
Visa fee for Singapore trip,Travel,5000.00
Furniture bought from Urban Ladder,Shopping,13350.00
Delivery order from Zomato,Food,760.00
Coffee at CCD,Food,290.00
Hotel booking in Manali,Travel,4250.00
Software subscription renewal for a cloud storage plan,Utilities,5800.00
Smartwatch purchased from Flipkart,Shopping,12250.00
Late fee for rent payment via UPI transfer,Rent,780.00
Gaming purchase from Steam,Entertainment,3900.00
Gaming accessories bought from Amazon,Shopping,3450.00
Mobile recharge for Jio,Utilities,940.00
EMI payment for home loan via NEFT transfer,Rent,19950.00
Coffee at a local cafe,Food,220.00
Ferry ticket to Goa,Travel,1100.00
Society maintenance fee via the housing society,Rent,2000.00
Visa fee for Singapore trip,Travel,8050.00
Cab ride via Uber,Transport,1650.00
Flight ticket to Mumbai,Travel,3700.00
Music festival ticket for a local band show,Entertainment,1950.00
EMI payment for home loan via bank auto-debit,Rent,39100.00
Delivery order from Zomato,Food,660.00
Bus ticket booked via BMTC,Transport,300.00
Insurance premium payment to HDFC Ergo,Utilities,7050.00
Museum entry at an art gallery,Entertainment,450.00
Coffee at Starbucks,Food,500.00
Scooter rental via Rapido,Transport,710.00
Hotel booking in Kerala,Travel,5850.00
Bus ticket booked via the state transport corporation,Transport,370.00
Society maintenance fee via the building association,Rent,2400.00
House rent payment via UPI transfer,Rent,19150.00
Insurance premium payment to ICICI Lombard,Utilities,7200.00
New sneakers from a local store,Shopping,7300.00
Bus trip to Coorg,Travel,2000.00
Lunch at McDonald's,Food,1400.00
Breakfast from Zomato,Food,520.00
Home security service fee via a security agency,Utilities,710.00
Traffic fine paid to the RTO,Transport,470.00
Coffee at a local cafe,Food,130.00
Society maintenance paid via the housing society,Utilities,1000.00
Insurance premium payment to ICICI Lombard,Utilities,9350.00
Furniture bought from a local showroom,Shopping,6450.00
Bike service at a bike workshop,Transport,550.00
Home security service fee via a security agency,Utilities,1950.00
Music festival ticket for a local band show,Entertainment,4450.00
Tiffin service from a nearby dhaba,Food,1850.00
Breakfast from CCD,Food,260.00
Security deposit for flat via NoBroker,Rent,50500.00
Flight ticket to Mumbai,Travel,5400.00
Lunch at a local dhaba,Food,210.00
Concert tickets for a live show,Entertainment,2550.00
Camera purchased from Croma,Shopping,33200.00
Furniture bought from Pepperfry,Shopping,14750.00
Rent paid to the landlord,Rent,19750.00
Visa fee for Singapore trip,Travel,8150.00
Concert tickets for a rock concert,Entertainment,3800.00
Late fee for rent payment via UPI transfer,Rent,300.00
Bus trip to Manali,Travel,2150.00
House rent payment via the landlord,Rent,10650.00
Homestay booking in Munnar,Travel,2050.00
Flat maintenance charges via the building association,Rent,2750.00
Juice and sandwich at the local cafe,Food,250.00
Streaming device purchase (Chromecast),Entertainment,6700.00
Online course enrollment on Udemy,Entertainment,4550.00
Electrician service fee via a local electrician,Utilities,490.00
Internet bill from Jio,Utilities,1950.00
Online course enrollment on an online learning platform,Entertainment,4500.00
Tyre replacement at the tyre shop,Transport,7650.00
T-shirt bought from Amazon,Shopping,920.00
Gas cylinder refill from Indane,Utilities,1100.00
Furniture bought from Urban Ladder,Shopping,15000.00
Mobile recharge for BSNL,Utilities,420.00
Fuel refill at HP petrol pump,Transport,2300.00
Mobile recharge for Airtel,Utilities,340.00
Bike service at the local garage,Transport,1650.00
Street food from a local vendor,Food,160.00
Theatre tickets for a musical,Entertainment,350.00
Online course enrollment on Udemy,Entertainment,1600.00
New sneakers from a local store,Shopping,6350.00
Society maintenance paid via the building association,Utilities,1950.00
Rental deposit refund via UPI transfer,Rent,13450.00
Gaming purchase from PlayStation Store,Entertainment,1000.00
Flight ticket to Goa,Travel,23500.00
Late fee for rent payment via UPI transfer,Rent,380.00
Bus ticket booked via BMTC,Transport,1100.00
DTH recharge for Dish TV,Utilities,500.00
Groceries from a supermarket,Food,3600.00
Flat maintenance charges via MagicBricks,Rent,2150.00
Monthly PG rent payment via the PG owner,Rent,9200.00
Ferry ticket to a nearby island,Travel,960.00
Juice and sandwich at a street stall,Food,160.00
Mobile recharge for Vodafone,Utilities,170.00
Train journey to Mumbai,Travel,880.00
Backpack bought from a local store,Shopping,3400.00
Flight ticket to Singapore,Travel,12750.00
Traffic fine paid to the traffic police,Transport,1100.00
Weekend getaway to Munnar,Travel,7000.00
Tyre replacement at the local garage,Transport,2850.00
Backpack bought from a local store,Shopping,3600.00
Auto rickshaw fare via Ola,Transport,140.00
Streaming device purchase (Firestick),Entertainment,5500.00
Home security service fee via a security agency,Utilities,940.00
New jacket bought from Amazon,Shopping,1800.00
Security deposit for flat via NoBroker,Rent,56000.00
Amusement park entry at an adventure park,Entertainment,1000.00
Rental deposit refund via UPI transfer,Rent,27850.00
Rental deposit refund via UPI transfer,Rent,8400.00
Metro card recharge for BMRCL,Transport,830.00
Rental deposit refund via bank transfer,Rent,11800.00
Lunch at KFC,Food,1450.00
Lunch at Domino's,Food,860.00
Car service at the local garage,Transport,7000.00
Water bill payment to the water board,Utilities,860.00
Electrician service fee via an on-call technician,Utilities,840.00
DTH recharge for Airtel Digital TV,Utilities,420.00
Lunch at KFC,Food,100.00
Software subscription renewal for Adobe,Utilities,4550.00
Toll charges on the highway,Transport,360.00
Late fee for rent payment via the landlord,Rent,920.00
Auto rickshaw fare via Ola,Transport,120.00
Lunch at Domino's,Food,510.00
Late fee for rent payment via UPI transfer,Rent,880.00
Tyre replacement at the tyre shop,Transport,4700.00
Train ticket booking via Indian Railways,Transport,1750.00
Concert tickets for a live show,Entertainment,4350.00
Plumbing repair via a local plumber,Utilities,530.00
Movie tickets at PVR,Entertainment,1450.00
Bike service at the local garage,Transport,1550.00
Headphones purchased from Croma,Shopping,1900.00
Delivery order from Zomato,Food,810.00
Fuel refill at a local fuel station,Transport,2100.00
Fuel refill at Shell,Transport,3150.00
Monthly electricity bill from BESCOM,Utilities,1300.00
Monthly apartment rent paid via NEFT payment,Rent,23250.00
Ferry ticket to Goa,Travel,590.00
Cab ride from airport in Mumbai,Travel,2150.00
Street food from a local vendor,Food,210.00
Amusement park entry at Wonderla,Entertainment,1600.00
Camera purchased from Reliance Digital,Shopping,24700.00
Cab ride from airport in Delhi,Travel,580.00
Amusement park entry at Wonderla,Entertainment,650.00
Home security service fee via a security agency,Utilities,1400.00
Groceries from a supermarket,Food,1400.00
Furniture bought from Pepperfry,Shopping,16250.00
Backpack bought from Amazon,Shopping,2350.00
Rent paid to the property manager,Rent,10050.00
Rental deposit refund via UPI transfer,Rent,6550.00
Bus ticket booked via BMTC,Transport,260.00
House rent payment via the landlord,Rent,16500.00
Weekend getaway to Rishikesh,Travel,15500.00
Furniture bought from a local showroom,Shopping,40450.00
Backpack bought from Decathlon,Shopping,3550.00
Smartwatch purchased from Flipkart,Shopping,4900.00
Museum entry at a heritage site,Entertainment,380.00
Rental deposit refund via bank transfer,Rent,20300.00
Ferry ticket to Andaman,Travel,1600.00
New jacket bought from Myntra,Shopping,2950.00
Metro card recharge for BMRCL,Transport,610.00
Bike service at the local garage,Transport,880.00
Monthly apartment rent paid via NoBroker,Rent,14250.00
Hostel stay in Jaipur,Travel,1450.00
Museum entry at a city museum,Entertainment,360.00
Music festival ticket for a local band show,Entertainment,3950.00
Rental deposit refund via UPI transfer,Rent,8900.00
Headphones purchased from Croma,Shopping,2550.00
Car service at the local garage,Transport,9200.00
Late fee for rent payment via UPI transfer,Rent,220.00
Hostel stay in Rishikesh,Travel,2450.00
Ferry ticket to Goa,Travel,1400.00
T-shirt bought from Amazon,Shopping,610.00
Breakfast from a street cart,Food,210.00
Cab ride from airport in Mumbai,Travel,1050.00
Gaming purchase from Xbox Store,Entertainment,4800.00
House rent payment via UPI transfer,Rent,17800.00
Bike service at a bike workshop,Transport,1800.00
Visa fee for Singapore trip,Travel,8750.00
Weekend getaway to Rishikesh,Travel,16350.00
Street food from a food truck,Food,220.00
Flight ticket to Singapore,Travel,9300.00
Music festival ticket for a local band show,Entertainment,1700.00
Society maintenance paid via the building association,Utilities,2100.00
Weekend getaway to Pondicherry,Travel,13950.00
Backpack bought from Decathlon,Shopping,2050.00
Street food from a roadside stall,Food,220.00
Online course enrollment on Udemy,Entertainment,670.00
Furniture bought from Urban Ladder,Shopping,42150.00
Society maintenance paid via the housing society,Utilities,3950.00
New jacket bought from Myntra,Shopping,3700.00
Society maintenance fee via the building association,Rent,1750.00
Mobile recharge for Jio,Utilities,290.00
Headphones purchased from Amazon,Shopping,4200.00
Theatre tickets for a play,Entertainment,750.00
Museum entry at a city museum,Entertainment,310.00
Train ticket booking via IRCTC,Transport,240.00
Monthly apartment rent paid via UPI transfer,Rent,9300.00
Toll charges on the expressway toll plaza,Transport,280.00
Backpack bought from Decathlon,Shopping,2350.00
Trekking package to Uttarakhand,Travel,5900.00
EMI payment for home loan via bank auto-debit,Rent,11450.00
New jacket bought from Amazon,Shopping,5000.00
Furniture bought from Pepperfry,Shopping,14900.00
Flat maintenance charges via MagicBricks,Rent,1100.00
Rental deposit refund via UPI transfer,Rent,11150.00
Late fee for rent payment via UPI transfer,Rent,330.00
Gaming accessories bought from a local computer store,Shopping,5050.00
Cab ride via Uber,Transport,2250.00
Delivery order from Domino's,Food,670.00
Lunch at Pizza Hut,Food,1400.00
Parking fee at the airport,Transport,260.00
Hostel stay in Rishikesh,Travel,1850.00
Subscription renewal for Spotify,Entertainment,1100.00
Auto rickshaw fare via Ola,Transport,90.00
T-shirt bought from Amazon,Shopping,560.00
Backpack bought from Amazon,Shopping,1850.00
Train journey to Mumbai,Travel,2300.00
Hostel stay in Goa,Travel,820.00
Gaming purchase from PlayStation Store,Entertainment,2900.00
Home security service fee via an alarm monitoring service,Utilities,2150.00
Headphones purchased from Flipkart,Shopping,1800.00
Museum entry at an art gallery,Entertainment,150.00
Fuel refill at IOC,Transport,2750.00
New sneakers from a local store,Shopping,3450.00
Movie tickets at INOX,Entertainment,420.00
Monthly electricity bill from BESCOM,Utilities,950.00
Flight ticket to Goa,Travel,12350.00
Movie tickets at PVR,Entertainment,550.00
Software subscription renewal for Microsoft 365,Utilities,3000.00
Delivery order from a local restaurant,Food,380.00
Monthly PG rent payment via UPI transfer,Rent,8300.00
Breakfast from a local bakery,Food,600.00
Bus trip to Goa,Travel,2200.00
Train ticket booking via Indian Railways,Transport,440.00
Flight ticket to Mumbai,Travel,22300.00
Camera purchased from Reliance Digital,Shopping,11050.00
Juice and sandwich at the office canteen,Food,260.00
Traffic fine paid to the RTO,Transport,760.00
New jacket bought from Amazon,Shopping,1550.00
Traffic fine paid to the RTO,Transport,1400.00
New sneakers from a local store,Shopping,4800.00
Monthly PG rent payment via the PG owner,Rent,5150.00
DTH recharge for Dish TV,Utilities,480.00
Parking fee at the airport,Transport,410.00
Traffic fine paid to the RTO,Transport,610.00
Society maintenance fee via the housing society,Rent,620.00
Online course enrollment on Udemy,Entertainment,4050.00
Museum entry at an art gallery,Entertainment,410.00
Groceries from a local vendor,Food,3900.00
Scooter rental via Yulu,Transport,160.00
Monthly electricity bill from the state electricity board,Utilities,2550.00
T-shirt bought from Amazon,Shopping,810.00
Gaming accessories bought from Amazon,Shopping,5250.00
Street food from a food truck,Food,90.00
Society maintenance fee via the housing society,Rent,1100.00
Internet bill from BSNL,Utilities,650.00
Fuel refill at IOC,Transport,1300.00
Parking fee at the mall,Transport,300.00
Car service at the local garage,Transport,6950.00
Software subscription renewal for a cloud storage plan,Utilities,6300.00
Lunch at KFC,Food,640.00
Tiffin service from a nearby dhaba,Food,1600.00
Security deposit for flat via the landlord,Rent,39100.00
Bus ticket booked via RedBus,Transport,950.00
Bus trip to Goa,Travel,1450.00
Software subscription renewal for Microsoft 365,Utilities,5950.00
Trekking package to Uttarakhand,Travel,19300.00
Monthly electricity bill from the state electricity board,Utilities,2200.00
Train ticket booking via Indian Railways,Transport,1000.00
Coffee at a local cafe,Food,230.00
Internet bill from Jio,Utilities,1350.00
Flight ticket to Singapore,Travel,16800.00
Bike service at the local garage,Transport,500.00
Homestay booking in Darjeeling,Travel,5200.00
T-shirt bought from a local store,Shopping,850.00
Weekend getaway to Coorg,Travel,9550.00
Music festival ticket for a weekend festival,Entertainment,7000.00
Gaming accessories bought from Amazon,Shopping,2900.00
Bus trip to Pondicherry,Travel,1500.00
Streaming device purchase (Apple TV),Entertainment,7850.00
Society maintenance paid via the housing society,Utilities,2900.00
Fuel refill at Shell,Transport,4050.00
Coffee at Starbucks,Food,270.00
Rent paid to the landlord,Rent,16500.00
Fuel refill at IOC,Transport,780.00
Hotel booking in Udaipur,Travel,6700.00
Water bill payment to the water board,Utilities,200.00
Lunch at McDonald's,Food,120.00
Mobile recharge for Jio,Utilities,990.00
Visa fee for Europe trip,Travel,2100.00
Rent paid to the property manager,Rent,22050.00
Music festival ticket for a local band show,Entertainment,5750.00
Music festival ticket for a weekend festival,Entertainment,4200.00
Flight ticket to Mumbai,Travel,16150.00
Headphones purchased from Flipkart,Shopping,5650.00
Monthly electricity bill from BESCOM,Utilities,600.00
Security deposit for flat via NoBroker,Rent,59000.00
Theatre tickets for a play,Entertainment,580.00
Breakfast from CCD,Food,370.00
Society maintenance fee via the housing society,Rent,800.00
Monthly apartment rent paid via UPI transfer,Rent,24200.00
Rent paid to the landlord,Rent,23250.00
Security deposit for flat via MagicBricks,Rent,38150.00
Car service at the authorized service center,Transport,11650.00
Subscription renewal for Netflix,Entertainment,420.00
Rental deposit refund via UPI transfer,Rent,17250.00
Ice cream from a local parlour,Food,260.00
Train journey to Kerala,Travel,2000.00
Jeans purchased from Levi's,Shopping,2200.00
Traffic fine paid to the traffic police,Transport,210.00
Late fee for rent payment via the landlord,Rent,1400.00
Headphones purchased from Flipkart,Shopping,2300.00
Juice and sandwich at the office canteen,Food,310.00
Homestay booking in Darjeeling,Travel,7600.00
Society maintenance fee via the building association,Rent,730.00
Train ticket booking via Indian Railways,Transport,1950.00
Breakfast from Swiggy,Food,100.00
Tyre replacement at the local garage,Transport,2300.00
Monthly apartment rent paid via NEFT payment,Rent,22500.00
Concert tickets for a rock concert,Entertainment,5600.00
Bus ticket booked via RedBus,Transport,790.00
Books purchased from a local bookstore,Shopping,1950.00
Music festival ticket for a local band show,Entertainment,6350.00
New jacket bought from Myntra,Shopping,2100.00
Tyre replacement at the tyre shop,Transport,7300.00
Cab ride from airport in Bangkok,Travel,1700.00
Delivery order from Zomato,Food,280.00
New jacket bought from Myntra,Shopping,3800.00
Traffic fine paid to the RTO,Transport,480.00
Auto rickshaw fare via Uber,Transport,170.00
Plumbing repair via an on-call technician,Utilities,1750.00
House rent payment via the landlord,Rent,18150.00
Bus ticket booked via the state transport corporation,Transport,690.00
Home security service fee via an alarm monitoring service,Utilities,670.00
Plumbing repair via an on-call technician,Utilities,1200.00
Monthly electricity bill from BESCOM,Utilities,3150.00
Museum entry at a heritage site,Entertainment,410.00
Flat maintenance charges via the building association,Rent,690.00
Homestay booking in Coorg,Travel,6450.00
Flight ticket to Goa,Travel,8900.00
Street food from a local vendor,Food,200.00
Traffic fine paid to the RTO,Transport,1450.00
Scooter rental via Rapido,Transport,450.00
Visa fee for Thailand trip,Travel,2700.00
Monthly PG rent payment via the PG owner,Rent,5550.00
Streaming device purchase (Firestick),Entertainment,6250.00
Movie tickets at PVR,Entertainment,970.00
Bus ticket booked via BMTC,Transport,100.00
Auto rickshaw fare via Ola,Transport,100.00
Tiffin service from the local vendor,Food,2650.00
Late fee for rent payment via the landlord,Rent,340.00
Traffic fine paid to the traffic police,Transport,280.00
Online course enrollment on Coursera,Entertainment,750.00
Late fee for rent payment via UPI transfer,Rent,530.00
Hotel booking in Jaipur,Travel,8100.00
Toll charges on the highway,Transport,330.00
New sneakers from a local store,Shopping,6700.00
Rental deposit refund via UPI transfer,Rent,26650.00
Concert tickets for a rock concert,Entertainment,2250.00
Delivery order from Zomato,Food,1350.00
Parking fee at the airport,Transport,360.00
Museum entry at a heritage site,Entertainment,470.00
Train ticket booking via Indian Railways,Transport,2300.00
Fuel refill at IOC,Transport,1150.00
Streaming device purchase (Firestick),Entertainment,6150.00
Rental deposit refund via bank transfer,Rent,29000.00
Streaming device purchase (Apple TV),Entertainment,2800.00
Street food from a local vendor,Food,240.00
Delivery order from Domino's,Food,770.00
Monthly PG rent payment via the PG owner,Rent,10850.00
Gas cylinder refill from Bharat Gas,Utilities,1100.00
Metro card recharge for Namma Metro,Transport,670.00
Traffic fine paid to the RTO,Transport,1050.00
Books purchased from Amazon,Shopping,1500.00
Hotel booking in Udaipur,Travel,14400.00
Flat maintenance charges via MagicBricks,Rent,1500.00
House rent payment via UPI transfer,Rent,28700.00
Monthly electricity bill from BESCOM,Utilities,3550.00
DTH recharge for Airtel Digital TV,Utilities,350.00
Cab ride from airport in Dubai,Travel,3450.00
Security deposit for flat via MagicBricks,Rent,25200.00
Plumbing repair via a local plumber,Utilities,1850.00
Bus ticket booked via BMTC,Transport,320.00
Movie tickets at INOX,Entertainment,220.00
Rent paid to the landlord,Rent,15950.00
Society maintenance fee via the building association,Rent,740.00
Cab ride via Ola,Transport,2200.00
Software subscription renewal for Adobe,Utilities,1700.00
Train ticket booking via IRCTC,Transport,880.00
Breakfast from a local bakery,Food,200.00
Gas cylinder refill from HP Gas,Utilities,740.00
Metro card recharge for BMRCL,Transport,410.00
Delivery order from Swiggy,Food,160.00
Insurance premium payment to ICICI Lombard,Utilities,14050.00
Groceries from the neighborhood store,Food,3300.00
T-shirt bought from a local store,Shopping,930.00
DTH recharge for Tata Sky,Utilities,670.00
Auto rickshaw fare via Ola,Transport,150.00
Fuel refill at HP petrol pump,Transport,2900.00
Hotel booking in Kerala,Travel,10000.00
Rent paid to the property manager,Rent,11450.00
Movie tickets at the local theatre,Entertainment,1200.00
Hostel stay in Rishikesh,Travel,960.00
Monthly PG rent payment via the PG owner,Rent,14000.00
T-shirt bought from a local store,Shopping,1150.00
Home security service fee via a security agency,Utilities,2300.00
Amusement park entry at an adventure park,Entertainment,2250.00
Music festival ticket for a weekend festival,Entertainment,2150.00
Software subscription renewal for Adobe,Utilities,6650.00
Hotel booking in Jaipur,Travel,11600.00
Tiffin service from a home cook,Food,2650.00
Security deposit for flat via NoBroker,Rent,19150.00
Streaming device purchase (Apple TV),Entertainment,7800.00
Museum entry at a heritage site,Entertainment,330.00
Insurance premium payment to ICICI Lombard,Utilities,12150.00
Electrician service fee via a local electrician,Utilities,1050.00
Rental deposit refund via UPI transfer,Rent,16300.00
Books purchased from Crossword,Shopping,1950.00
Museum entry at an art gallery,Entertainment,590.00
Lunch at McDonald's,Food,1250.00
Scooter rental via Yulu,Transport,740.00
Monthly PG rent payment via UPI transfer,Rent,6250.00
Monthly apartment rent paid via NEFT payment,Rent,12100.00
Monthly electricity bill from the state electricity board,Utilities,680.00
Street food from a food truck,Food,60.00
Parking fee at the multiplex,Transport,240.00
Dinner at a rooftop cafe,Food,2500.00
Groceries from the neighborhood store,Food,960.00
Concert tickets for a music festival,Entertainment,6700.00
Furniture bought from Pepperfry,Shopping,31750.00
Train journey to Mumbai,Travel,2500.00
Tyre replacement at the tyre shop,Transport,3650.00
Concert tickets for a rock concert,Entertainment,6150.00
Furniture bought from a local showroom,Shopping,44250.00
Train ticket booking via IRCTC,Transport,190.00
Rental deposit refund via bank transfer,Rent,20400.00
Dinner at Barista,Food,3150.00
Juice and sandwich at the local cafe,Food,180.00
Streaming device purchase (Apple TV),Entertainment,6050.00
Train journey to Kerala,Travel,1450.00
Online course enrollment on Coursera,Entertainment,1850.00
Furniture bought from Urban Ladder,Shopping,31850.00
Groceries from the neighborhood store,Food,630.00
Fuel refill at IOC,Transport,3600.00
Auto rickshaw fare via Uber,Transport,70.00
Dinner at a Chinese restaurant,Food,2050.00
Headphones purchased from Amazon,Shopping,4750.00
Monthly electricity bill from the state electricity board,Utilities,5900.00
Concert tickets for a music festival,Entertainment,4600.00
Gaming purchase from Xbox Store,Entertainment,2500.00
Coffee at Starbucks,Food,420.00
Hostel stay in Jaipur,Travel,910.00
Rent paid to the landlord,Rent,23750.00
Gas cylinder refill from Indane,Utilities,960.00
Groceries from a local vendor,Food,2850.00
Auto rickshaw fare via Ola,Transport,230.00
Theatre tickets for a play,Entertainment,1350.00
Car service at the local garage,Transport,2200.00
Monthly PG rent payment via UPI transfer,Rent,6900.00
Theatre tickets for a play,Entertainment,870.00
Train journey to Mumbai,Travel,1900.00
Gas cylinder refill from Indane,Utilities,1000.00
Security deposit for flat via NoBroker,Rent,31750.00
Insurance premium payment to HDFC Ergo,Utilities,7800.00
Dinner at a rooftop cafe,Food,1750.00
T-shirt bought from a local store,Shopping,1500.00
Ice cream from Baskin Robbins,Food,200.00
Movie tickets at INOX,Entertainment,950.00
Groceries from the neighborhood store,Food,3650.00
Lunch at Burger King,Food,840.00
Tyre replacement at the tyre shop,Transport,6600.00
Internet bill from ACT Fibernet,Utilities,1100.00
Internet bill from ACT Fibernet,Utilities,2350.00
Subscription renewal for Netflix,Entertainment,270.00
New sneakers from a local store,Shopping,7550.00
Music festival ticket for a weekend festival,Entertainment,5950.00
Insurance premium payment to HDFC Ergo,Utilities,13100.00
Monthly PG rent payment via UPI transfer,Rent,8150.00
DTH recharge for Airtel Digital TV,Utilities,280.00
Groceries from the neighborhood store,Food,740.00
Scooter rental via Rapido,Transport,560.00
Rent paid to the property manager,Rent,22400.00
Trekking package to Himachal,Travel,21750.00
Street food from a food truck,Food,280.00
Internet bill from ACT Fibernet,Utilities,1250.00
Camera purchased from Croma,Shopping,56500.00
Cab ride from airport in Delhi,Travel,800.00
Homestay booking in Munnar,Travel,5750.00
Cab ride via Ola,Transport,2400.00
Hostel stay in Jaipur,Travel,2500.00
Music festival ticket for a weekend festival,Entertainment,6600.00
House rent payment via UPI transfer,Rent,13700.00
Smartwatch purchased from Amazon,Shopping,8800.00
EMI payment for home loan via bank auto-debit,Rent,11750.00
Dinner at CCD,Food,900.00
Gaming accessories bought from Amazon,Shopping,5650.00
Hostel stay in Goa,Travel,740.00
Software subscription renewal for Microsoft 365,Utilities,5900.00
Books purchased from Crossword,Shopping,680.00
Concert tickets for a music festival,Entertainment,1450.00
Theatre tickets for a musical,Entertainment,1050.00
New sneakers from Myntra,Shopping,7350.00
Coffee at CCD,Food,340.00
Cab ride via Rapido,Transport,2300.00
Subscription renewal for Amazon Prime,Entertainment,390.00
Rent paid to the landlord,Rent,16150.00
Train journey to Delhi,Travel,1100.00
Music festival ticket for a local band show,Entertainment,7650.00
Online course enrollment on Udemy,Entertainment,4600.00
Gaming accessories bought from a local computer store,Shopping,4300.00
Headphones purchased from Amazon,Shopping,1450.00
Books purchased from Amazon,Shopping,1200.00
Backpack bought from Decathlon,Shopping,1100.00
Auto rickshaw fare via Uber,Transport,200.00
Subscription renewal for Hotstar,Entertainment,1300.00
Software subscription renewal for a cloud storage plan,Utilities,4850.00
Train ticket booking via IRCTC,Transport,1800.00
Fuel refill at HP petrol pump,Transport,2250.00
Gaming purchase from Xbox Store,Entertainment,3950.00
Late fee for rent payment via UPI transfer,Rent,270.00
EMI payment for home loan via bank auto-debit,Rent,20400.00
Streaming device purchase (Apple TV),Entertainment,5100.00
Groceries from a supermarket,Food,3000.00
Homestay booking in Rishikesh,Travel,4200.00
Furniture bought from a local showroom,Shopping,13650.00
House rent payment via the landlord,Rent,9350.00
Home security service fee via a security agency,Utilities,1900.00
Hostel stay in Goa,Travel,2000.00
Ferry ticket to Andaman,Travel,910.00
Scooter rental via Yulu,Transport,190.00
New sneakers from Amazon,Shopping,6950.00
Fuel refill at IOC,Transport,850.00
Security deposit for flat via NoBroker,Rent,18250.00
Internet bill from Airtel,Utilities,640.00
Hotel booking in Udaipur,Travel,8750.00
Home security service fee via a security agency,Utilities,640.00
Visa fee for Dubai trip,Travel,7050.00
Ferry ticket to Andaman,Travel,660.00
Gas cylinder refill from Bharat Gas,Utilities,1150.00
Streaming device purchase (Apple TV),Entertainment,5500.00
Hostel stay in Rishikesh,Travel,1300.00
Rental deposit refund via bank transfer,Rent,9650.00
Metro card recharge for Delhi Metro,Transport,930.00
Movie tickets at INOX,Entertainment,1400.00
Fuel refill at HP petrol pump,Transport,1300.00
Smartwatch purchased from Flipkart,Shopping,18100.00
Security deposit for flat via NoBroker,Rent,15300.00
Hostel stay in Rishikesh,Travel,1400.00
Jeans purchased from Levi's,Shopping,2500.00
Groceries from BigBasket,Food,1700.00
DTH recharge for Tata Sky,Utilities,340.00
Concert tickets for a music festival,Entertainment,2500.00
New sneakers from Amazon,Shopping,6500.00
Train ticket booking via IRCTC,Transport,2300.00
Security deposit for flat via the landlord,Rent,53350.00
Metro card recharge for Namma Metro,Transport,530.00
Subscription renewal for Spotify,Entertainment,210.00
Movie tickets at INOX,Entertainment,1450.00
Cab ride via Ola,Transport,1700.00
Flat maintenance charges via the building association,Rent,2900.00
Streaming device purchase (Chromecast),Entertainment,3200.00
Coffee at Barista,Food,180.00
Mobile recharge for BSNL,Utilities,890.00
Movie tickets at the local theatre,Entertainment,270.00
Train ticket booking via Indian Railways,Transport,1850.00
Homestay booking in Coorg,Travel,4550.00
Tiffin service from a nearby dhaba,Food,3200.00
Breakfast from CCD,Food,440.00
Backpack bought from Amazon,Shopping,2150.00
Juice and sandwich at a street stall,Food,300.00
Auto rickshaw fare via Ola,Transport,180.00
New sneakers from Amazon,Shopping,2800.00
Juice and sandwich at the local cafe,Food,110.00
Bike service at the local garage,Transport,670.00
Monthly electricity bill from the state electricity board,Utilities,3150.00
Gaming purchase from PlayStation Store,Entertainment,4950.00
Camera purchased from Reliance Digital,Shopping,52750.00
Flat maintenance charges via the building association,Rent,1750.00
Subscription renewal for Spotify,Entertainment,700.00
Subscription renewal for Spotify,Entertainment,1150.00
Cab ride from airport in Dubai,Travel,3250.00
Headphones purchased from Amazon,Shopping,3500.00
Society maintenance paid via the housing society,Utilities,1050.00
Breakfast from Swiggy,Food,410.00
New sneakers from Myntra,Shopping,5650.00
Hotel booking in Jaipur,Travel,11850.00
Train ticket booking via Indian Railways,Transport,2750.00
Train ticket booking via Indian Railways,Transport,520.00
Museum entry at a heritage site,Entertainment,520.00
Smartwatch purchased from Flipkart,Shopping,2650.00
House rent payment via the landlord,Rent,14100.00
Juice and sandwich at the office canteen,Food,400.00
Cab ride from airport in Bangkok,Travel,3400.00
Trekking package to Uttarakhand,Travel,21600.00
Ice cream from a local parlour,Food,100.00
Music festival ticket for a local band show,Entertainment,4700.00
Society maintenance fee via the housing society,Rent,3000.00
Scooter rental via Rapido,Transport,510.00
Camera purchased from Amazon,Shopping,50400.00
Hotel booking in Bangkok,Travel,14150.00
Software subscription renewal for Adobe,Utilities,6350.00
Furniture bought from Pepperfry,Shopping,20700.00
Train ticket booking via IRCTC,Transport,410.00
Backpack bought from Decathlon,Shopping,3750.00
Kitchen appliance bought from Reliance Digital,Shopping,9250.00
Smartwatch purchased from Croma,Shopping,4850.00
Amusement park entry at Wonderla,Entertainment,1450.00
Parking fee at the mall,Transport,480.00
Bike service at the local garage,Transport,1600.00
Bus trip to Manali,Travel,630.00
Monthly apartment rent paid via UPI transfer,Rent,11650.00
Hotel booking in Manali,Travel,5900.00
Bus ticket booked via BMTC,Transport,450.00
House rent payment via UPI transfer,Rent,25150.00
Scooter rental via Rapido,Transport,690.00
Train ticket booking via Indian Railways,Transport,1400.00
Hostel stay in Jaipur,Travel,680.00
EMI payment for home loan via NEFT transfer,Rent,28450.00
Cab ride from airport in Mumbai,Travel,2250.00
Gaming purchase from PlayStation Store,Entertainment,3150.00
EMI payment for home loan via bank auto-debit,Rent,13650.00
Software subscription renewal for Adobe,Utilities,7650.00
Cab ride via Ola,Transport,880.00
T-shirt bought from Amazon,Shopping,800.00
Flight ticket to Singapore,Travel,15500.00
Late fee for rent payment via the landlord,Rent,840.00
Subscription renewal for Spotify,Entertainment,150.00
Music festival ticket for a weekend festival,Entertainment,6950.00
Subscription renewal for Hotstar,Entertainment,840.00
EMI payment for home loan via bank auto-debit,Rent,11100.00
EMI payment for home loan via NEFT transfer,Rent,26050.00
Subscription renewal for Spotify,Entertainment,370.00
Tyre replacement at the tyre shop,Transport,2000.00
Flight ticket to Delhi,Travel,7250.00
Music festival ticket for a weekend festival,Entertainment,4350.00
Bus trip to Manali,Travel,1250.00
Traffic fine paid to the RTO,Transport,1100.00
Homestay booking in Rishikesh,Travel,4550.00
Headphones purchased from Flipkart,Shopping,5150.00
Security deposit for flat via the landlord,Rent,18350.00
Traffic fine paid to the traffic police,Transport,400.00
Flat maintenance charges via MagicBricks,Rent,2350.00
Hotel booking in Jaipur,Travel,12050.00
Coffee at Starbucks,Food,400.00
Visa fee for Europe trip,Travel,7750.00
Dinner at a local restaurant,Food,1000.00
Hotel booking in Udaipur,Travel,5000.00
Books purchased from Amazon,Shopping,390.00
Juice and sandwich at the office canteen,Food,330.00
Gaming accessories bought from Flipkart,Shopping,7300.00
Cab ride from airport in Bangkok,Travel,1550.00
Groceries from BigBasket,Food,1900.00
Monthly apartment rent paid via UPI transfer,Rent,21150.00
Rent paid to the property manager,Rent,14950.00
Mobile recharge for Airtel,Utilities,460.00
Tyre replacement at the local garage,Transport,3350.00
Jeans purchased from Myntra,Shopping,1650.00
Theatre tickets for a stand-up comedy show,Entertainment,760.00
Bus trip to Coorg,Travel,1950.00
Bike service at the service center,Transport,1600.00
Traffic fine paid to the RTO,Transport,690.00
Ferry ticket to a nearby island,Travel,310.00
New jacket bought from Amazon,Shopping,4850.00
Street food from a food truck,Food,140.00
Ferry ticket to Goa,Travel,1500.00
Ice cream from a local parlour,Food,300.00
Hotel booking in Udaipur,Travel,5750.00
Kitchen appliance bought from Croma,Shopping,3000.00
Car service at the local garage,Transport,8700.00
Internet bill from ACT Fibernet,Utilities,1000.00
Dinner at with colleagues,Food,990.00
House rent payment via UPI transfer,Rent,17600.00
Street food from a roadside stall,Food,170.00
Gaming purchase from PlayStation Store,Entertainment,1600.00
Groceries from a local vendor,Food,2900.00
New jacket bought from a local store,Shopping,2150.00
Trekking package to Uttarakhand,Travel,20000.00
Tiffin service from the local vendor,Food,2850.00
Coffee at CCD,Food,430.00
Concert tickets for a rock concert,Entertainment,2850.00
Electrician service fee via a local electrician,Utilities,1950.00
Books purchased from Crossword,Shopping,1800.00
Weekend getaway to Munnar,Travel,14550.00
Gaming accessories bought from Amazon,Shopping,3850.00
Security deposit for flat via NoBroker,Rent,16000.00
Security deposit for flat via MagicBricks,Rent,32750.00
Concert tickets for a music festival,Entertainment,6250.00
Flight ticket to Delhi,Travel,4200.00
Movie tickets at INOX,Entertainment,720.00
Concert tickets for a live show,Entertainment,6400.00
Software subscription renewal for a cloud storage plan,Utilities,7850.00
Tyre replacement at the tyre shop,Transport,3300.00
Tiffin service from a nearby dhaba,Food,2250.00
Plumbing repair via a local plumber,Utilities,1050.00
Jeans purchased from Myntra,Shopping,2850.00
Coffee at a local cafe,Food,160.00
Trekking package to Ladakh,Travel,15650.00
Bus ticket booked via BMTC,Transport,520.00
Movie tickets at the local theatre,Entertainment,920.00
Gaming accessories bought from Flipkart,Shopping,6250.00
Groceries from the neighborhood store,Food,3200.00
Internet bill from ACT Fibernet,Utilities,1500.00
Homestay booking in Coorg,Travel,2350.00
Books purchased from Amazon,Shopping,450.00
Cab ride from airport in Dubai,Travel,830.00
Coffee at a local cafe,Food,290.00
Amusement park entry at an adventure park,Entertainment,1250.00
Concert tickets for a live show,Entertainment,4950.00
Software subscription renewal for Adobe,Utilities,5150.00
Tyre replacement at the tyre shop,Transport,5450.00
Lunch at McDonald's,Food,230.00
Car service at the local garage,Transport,6650.00
Street food from a food truck,Food,160.00
Amusement park entry at Essel World,Entertainment,2450.00
Dinner at a local restaurant,Food,1300.00
Late fee for rent payment via UPI transfer,Rent,340.00
Trekking package to Himachal,Travel,27800.00
Monthly electricity bill from BESCOM,Utilities,2600.00
Plumbing repair via a local plumber,Utilities,580.00
Rent paid to the landlord,Rent,19800.00
Tiffin service from a home cook,Food,3300.00
T-shirt bought from Amazon,Shopping,1500.00
Toll charges on the highway,Transport,320.00
Homestay booking in Rishikesh,Travel,7100.00
Lunch at a food court,Food,1400.00
Camera purchased from Croma,Shopping,39600.00
Streaming device purchase (Firestick),Entertainment,3150.00
Lunch at a food court,Food,510.00
Cab ride from airport in Mumbai,Travel,620.00
Homestay booking in Munnar,Travel,7750.00
Jeans purchased from Myntra,Shopping,3200.00
Tyre replacement at the local garage,Transport,2200.00
Bus ticket booked via the state transport corporation,Transport,560.00
Weekend getaway to Munnar,Travel,4750.00
Groceries from the neighborhood store,Food,2450.00
Smartwatch purchased from Croma,Shopping,5650.00
New jacket bought from a local store,Shopping,4950.00
Late fee for rent payment via the landlord,Rent,740.00
Monthly PG rent payment via UPI transfer,Rent,13750.00
Bus ticket booked via RedBus,Transport,750.00
Train ticket booking via IRCTC,Transport,160.00
Dinner at with colleagues,Food,1550.00
Smartwatch purchased from Flipkart,Shopping,19450.00
Flight ticket to Bangkok,Travel,11650.00
Bike service at a bike workshop,Transport,480.00
House rent payment via the landlord,Rent,9750.00
Bus trip to Goa,Travel,1600.00
Camera purchased from Amazon,Shopping,37550.00
Headphones purchased from Croma,Shopping,3550.00
Streaming device purchase (Chromecast),Entertainment,4950.00
New sneakers from a local store,Shopping,3050.00
Metro card recharge for Namma Metro,Transport,230.00
Backpack bought from Amazon,Shopping,2250.00
Tiffin service from a nearby dhaba,Food,2850.00
Homestay booking in Rishikesh,Travel,6850.00
Metro card recharge for Namma Metro,Transport,1050.00
Home security service fee via a security agency,Utilities,2250.00
Juice and sandwich at the office canteen,Food,320.00
Camera purchased from Reliance Digital,Shopping,48600.00
Breakfast from a local bakery,Food,580.00
Tiffin service from a nearby dhaba,Food,1550.00
Parking fee at the mall,Transport,430.00
Trekking package to Ladakh,Travel,8800.00
Breakfast from Swiggy,Food,550.00
EMI payment for home loan via NEFT transfer,Rent,33500.00
Music festival ticket for a local band show,Entertainment,5050.00
Train ticket booking via Indian Railways,Transport,2800.00
Movie tickets at PVR,Entertainment,470.00
Visa fee for Thailand trip,Travel,7700.00
Home security service fee via a security agency,Utilities,1050.00
Delivery order from Swiggy,Food,1150.00
Bus trip to Pondicherry,Travel,2450.00
Online course enrollment on Udemy,Entertainment,550.00
Coffee at a local cafe,Food,270.00
Homestay booking in Rishikesh,Travel,4100.00
New jacket bought from a local store,Shopping,4250.00
Books purchased from Amazon,Shopping,1050.00
Online course enrollment on an online learning platform,Entertainment,3500.00
New jacket bought from Myntra,Shopping,2450.00
Flat maintenance charges via MagicBricks,Rent,2650.00
Smartwatch purchased from Croma,Shopping,10150.00
Streaming device purchase (Apple TV),Entertainment,4350.00
Flight ticket to Delhi,Travel,17300.00
Bus ticket booked via RedBus,Transport,600.00
Lunch at a food court,Food,1250.00
Camera purchased from Reliance Digital,Shopping,51800.00
Bus trip to Coorg,Travel,660.00
Museum entry at a city museum,Entertainment,200.00
Security deposit for flat via NoBroker,Rent,42000.00
Online course enrollment on Coursera,Entertainment,2100.00
Bus ticket booked via BMTC,Transport,1200.00
Trekking package to Uttarakhand,Travel,19600.00
Bus ticket booked via the state transport corporation,Transport,850.00
Monthly apartment rent paid via NEFT payment,Rent,17100.00
Society maintenance fee via the building association,Rent,1350.00
Music festival ticket for a local band show,Entertainment,2000.00
Society maintenance paid via the building association,Utilities,2500.00
Kitchen appliance bought from Amazon,Shopping,5300.00
Kitchen appliance bought from Amazon,Shopping,13000.00
Street food from a local vendor,Food,220.00
New sneakers from Myntra,Shopping,5050.00
Amusement park entry at Essel World,Entertainment,2500.00
Concert tickets for a live show,Entertainment,5950.00
Hotel booking in Jaipur,Travel,9600.00
Hostel stay in Rishikesh,Travel,950.00
Lunch at Burger King,Food,550.00
Gas cylinder refill from Bharat Gas,Utilities,820.00
Online course enrollment on Coursera,Entertainment,740.00
Rent paid to the property manager,Rent,9000.00
Weekend getaway to Rishikesh,Travel,10300.00
Gas cylinder refill from Bharat Gas,Utilities,1050.00
Plumbing repair via a local plumber,Utilities,1150.00
Security deposit for flat via MagicBricks,Rent,42100.00
DTH recharge for Airtel Digital TV,Utilities,560.00
Trekking package to Uttarakhand,Travel,7400.00
Water bill payment to the municipal corporation,Utilities,380.00
Bike service at the service center,Transport,1400.00
Flight ticket to Goa,Travel,7200.00
Flight ticket to Mumbai,Travel,6900.00
Monthly apartment rent paid via NEFT payment,Rent,23050.00
Parking fee at the multiplex,Transport,420.00
Insurance premium payment to ICICI Lombard,Utilities,6650.00
Internet bill from Airtel,Utilities,1350.00
Groceries from a supermarket,Food,1850.00
Subscription renewal for Spotify,Entertainment,230.00
Gas cylinder refill from HP Gas,Utilities,960.00
Backpack bought from a local store,Shopping,1250.00
Car service at the local garage,Transport,2000.00
Online course enrollment on Coursera,Entertainment,2000.00
Theatre tickets for a stand-up comedy show,Entertainment,1450.00
DTH recharge for Dish TV,Utilities,630.00
New sneakers from a local store,Shopping,4300.00
Fuel refill at IOC,Transport,3550.00
Insurance premium payment to HDFC Ergo,Utilities,14300.00
Dinner at CCD,Food,2050.00
Movie tickets at PVR,Entertainment,560.00
Insurance premium payment to LIC,Utilities,1800.00
Museum entry at a heritage site,Entertainment,120.00
Insurance premium payment to ICICI Lombard,Utilities,6400.00
House rent payment via bank transfer,Rent,18500.00
New jacket bought from a local store,Shopping,3150.00
Music festival ticket for a local band show,Entertainment,5150.00
Insurance premium payment to HDFC Ergo,Utilities,9100.00
Lunch at Domino's,Food,1300.00
Coffee at Barista,Food,500.00
Groceries from BigBasket,Food,3750.00
Ferry ticket to Andaman,Travel,1300.00
New sneakers from a local store,Shopping,5500.00
Smartwatch purchased from Croma,Shopping,8300.00
Auto rickshaw fare via a local auto stand,Transport,80.00
Insurance premium payment to LIC,Utilities,11350.00
New jacket bought from Amazon,Shopping,5500.00
Hostel stay in Jaipur,Travel,1900.00
Delivery order from Swiggy,Food,900.00
Online course enrollment on an online learning platform,Entertainment,3050.00
Train ticket booking via IRCTC,Transport,1150.00
Train journey to Mumbai,Travel,1250.00
Internet bill from BSNL,Utilities,2200.00
Fuel refill at Shell,Transport,740.00
EMI payment for home loan via NEFT transfer,Rent,12300.00
Tyre replacement at the local garage,Transport,7300.00
Camera purchased from Reliance Digital,Shopping,58800.00
Home security service fee via an alarm monitoring service,Utilities,1900.00
Dinner at a hotel restaurant,Food,2950.00
Flight ticket to Goa,Travel,9200.00
Monthly apartment rent paid via NEFT payment,Rent,8200.00
Delivery order from Zomato,Food,600.00
Insurance premium payment to LIC,Utilities,6600.00
Cab ride via Ola,Transport,410.00
Bike service at the service center,Transport,980.00
Insurance premium payment to ICICI Lombard,Utilities,14450.00
Internet bill from Jio,Utilities,1250.00
Car service at the local garage,Transport,10300.00
Monthly apartment rent paid via NEFT payment,Rent,17450.00
Metro card recharge for BMRCL,Transport,730.00
Street food from a local vendor,Food,280.00
Insurance premium payment to HDFC Ergo,Utilities,4850.00
Amusement park entry at an adventure park,Entertainment,1650.00
Smartwatch purchased from Amazon,Shopping,5700.00
Groceries from the neighborhood store,Food,610.00
Auto rickshaw fare via a local auto stand,Transport,170.00
Gas cylinder refill from Indane,Utilities,720.00
Scooter rental via Yulu,Transport,150.00
DTH recharge for Dish TV,Utilities,470.00
Hostel stay in Goa,Travel,1100.00
Late fee for rent payment via the landlord,Rent,1200.00
Rental deposit refund via UPI transfer,Rent,17850.00
New sneakers from Amazon,Shopping,3750.00
Movie tickets at the local theatre,Entertainment,1150.00
Society maintenance fee via the building association,Rent,1200.00
Gaming purchase from Xbox Store,Entertainment,620.00
Hostel stay in Jaipur,Travel,720.00
Parking fee at the airport,Transport,290.00
Rent paid to the property manager,Rent,15300.00
T-shirt bought from Amazon,Shopping,350.00
Monthly electricity bill from BESCOM,Utilities,4250.00
Water bill payment to the municipal corporation,Utilities,240.00
Furniture bought from Urban Ladder,Shopping,23800.00
Camera purchased from Croma,Shopping,45650.00
Dinner at a local restaurant,Food,1800.00
Tyre replacement at the local garage,Transport,3850.00
House rent payment via bank transfer,Rent,29950.00
Flat maintenance charges via the building association,Rent,2650.00
Concert tickets for a live show,Entertainment,6250.00
Juice and sandwich at a street stall,Food,390.00
Fuel refill at Shell,Transport,2050.00
Streaming device purchase (Apple TV),Entertainment,6850.00
New sneakers from Myntra,Shopping,3600.00
Dinner at Barista,Food,3200.00
Late fee for rent payment via the landlord,Rent,680.00
Hotel booking in Kerala,Travel,8850.00
Society maintenance fee via the housing society,Rent,560.00
Headphones purchased from Flipkart,Shopping,4450.00
Bus ticket booked via the state transport corporation,Transport,1150.00
Late fee for rent payment via the landlord,Rent,1050.00
Street food from a local vendor,Food,60.00
Rental deposit refund via bank transfer,Rent,27950.00
Delivery order from Domino's,Food,750.00
Concert tickets for a music festival,Entertainment,1400.00
Backpack bought from Decathlon,Shopping,1850.00
T-shirt bought from Myntra,Shopping,860.00
Juice and sandwich at the office canteen,Food,340.00
Gaming purchase from Steam,Entertainment,2650.00
Monthly apartment rent paid via UPI transfer,Rent,21750.00
Tiffin service from the local vendor,Food,2100.00
Flight ticket to Delhi,Travel,11300.00
Online course enrollment on Coursera,Entertainment,4600.00
Car service at the local garage,Transport,4300.00
Monthly electricity bill from BESCOM,Utilities,3200.00
Ferry ticket to a nearby island,Travel,1600.00
Delivery order from Swiggy,Food,1450.00
Flight ticket to Mumbai,Travel,3150.00
Tyre replacement at the tyre shop,Transport,7000.00
Flight ticket to Bangkok,Travel,16950.00
Security deposit for flat via NoBroker,Rent,25050.00
Parking fee at the multiplex,Transport,220.00
Society maintenance paid via the housing society,Utilities,3000.00
Dinner at a rooftop cafe,Food,2150.00
Toll charges on the expressway toll plaza,Transport,390.00
T-shirt bought from Myntra,Shopping,830.00
Streaming device purchase (Apple TV),Entertainment,6600.00
Movie tickets at INOX,Entertainment,390.00
Breakfast from a local bakery,Food,530.00
T-shirt bought from Amazon,Shopping,840.00
New jacket bought from Myntra,Shopping,2650.00
Lunch at the college canteen,Food,1500.00
EMI payment for home loan via bank auto-debit,Rent,32050.00
Theatre tickets for a stand-up comedy show,Entertainment,1200.00
Monthly PG rent payment via the PG owner,Rent,14850.00
Insurance premium payment to LIC,Utilities,13300.00
Gaming purchase from Steam,Entertainment,1950.00
House rent payment via the landlord,Rent,26150.00
Subscription renewal for Hotstar,Entertainment,1100.00
Kitchen appliance bought from Reliance Digital,Shopping,13350.00
Dinner at with colleagues,Food,3400.00
Cab ride from airport in Delhi,Travel,2300.00
Visa fee for Singapore trip,Travel,4300.00
Homestay booking in Munnar,Travel,3350.00
Internet bill from ACT Fibernet,Utilities,1800.00
Monthly PG rent payment via UPI transfer,Rent,12550.00
Software subscription renewal for Adobe,Utilities,3650.00
Train journey to Mumbai,Travel,1300.00
Backpack bought from Decathlon,Shopping,2650.00
Groceries from a local vendor,Food,3250.00
Security deposit for flat via MagicBricks,Rent,21900.00
Traffic fine paid to the RTO,Transport,800.00
Monthly apartment rent paid via NEFT payment,Rent,23950.00
Juice and sandwich at the local cafe,Food,160.00
Internet bill from BSNL,Utilities,860.00
Internet bill from Airtel,Utilities,1650.00
Dinner at a Chinese restaurant,Food,2500.00
Gaming purchase from PlayStation Store,Entertainment,4100.00
EMI payment for home loan via NEFT transfer,Rent,11550.00
Parking fee at the airport,Transport,40.00
Ice cream from Baskin Robbins,Food,240.00
Flight ticket to Dubai,Travel,18300.00
Visa fee for Europe trip,Travel,5200.00
Train ticket booking via IRCTC,Transport,580.00
Ice cream from a local parlour,Food,330.00
EMI payment for home loan via bank auto-debit,Rent,19850.00
Society maintenance fee via the housing society,Rent,1950.00
Trekking package to Himachal,Travel,10700.00
Flat maintenance charges via MagicBricks,Rent,1900.00
Kitchen appliance bought from Amazon,Shopping,5950.00
Breakfast from Swiggy,Food,580.00
Smartwatch purchased from Croma,Shopping,18850.00
Flight ticket to Delhi,Travel,14400.00
Weekend getaway to Pondicherry,Travel,18750.00
Metro card recharge for Delhi Metro,Transport,170.00
Scooter rental via Bounce,Transport,350.00
Mobile recharge for Jio,Utilities,1100.00
Home security service fee via a security agency,Utilities,910.00
Ferry ticket to a nearby island,Travel,340.00
Electrician service fee via an on-call technician,Utilities,810.00
Theatre tickets for a stand-up comedy show,Entertainment,330.00
DTH recharge for Tata Sky,Utilities,420.00
Museum entry at an art gallery,Entertainment,510.00
Monthly electricity bill from BESCOM,Utilities,2400.00
Books purchased from a local bookstore,Shopping,570.00
Ferry ticket to a nearby island,Travel,1300.00
Books purchased from a local bookstore,Shopping,1650.00
Concert tickets for a live show,Entertainment,5550.00
Streaming device purchase (Apple TV),Entertainment,6500.00
Flight ticket to Dubai,Travel,8900.00
Tiffin service from a home cook,Food,3200.00
Camera purchased from Reliance Digital,Shopping,46250.00
Camera purchased from Amazon,Shopping,51450.00
Books purchased from a local bookstore,Shopping,1100.00
Ice cream from Baskin Robbins,Food,280.00
Traffic fine paid to the RTO,Transport,590.00
Ice cream from a street vendor,Food,360.00
Groceries from BigBasket,Food,2450.00
Train ticket booking via Indian Railways,Transport,2050.00
Museum entry at a heritage site,Entertainment,230.00
T-shirt bought from Myntra,Shopping,450.00
Bus trip to Coorg,Travel,1600.00
Coffee at Barista,Food,160.00
Auto rickshaw fare via a local auto stand,Transport,280.00
Visa fee for Singapore trip,Travel,8950.00
Gas cylinder refill from HP Gas,Utilities,1050.00
Software subscription renewal for Adobe,Utilities,4750.00
Kitchen appliance bought from Reliance Digital,Shopping,2250.00
Metro card recharge for BMRCL,Transport,220.00
Tiffin service from a home cook,Food,2600.00
Tiffin service from a home cook,Food,3450.00
Backpack bought from a local store,Shopping,3000.00
Trekking package to Ladakh,Travel,28650.00
Subscription renewal for Netflix,Entertainment,640.00
Train ticket booking via Indian Railways,Transport,600.00
Books purchased from Crossword,Shopping,960.00
Smartwatch purchased from Croma,Shopping,8850.00
Monthly electricity bill from BESCOM,Utilities,5150.00
Lunch at McDonald's,Food,1450.00
Trekking package to Uttarakhand,Travel,7650.00
Online course enrollment on Coursera,Entertainment,3350.00
Online course enrollment on Coursera,Entertainment,2600.00
Software subscription renewal for Adobe,Utilities,4950.00
Society maintenance paid via the housing society,Utilities,1800.00
Society maintenance paid via the housing society,Utilities,4850.00
Flight ticket to Delhi,Travel,21150.00
Dinner at with colleagues,Food,1500.00
Traffic fine paid to the RTO,Transport,370.00
Streaming device purchase (Chromecast),Entertainment,3650.00
Theatre tickets for a stand-up comedy show,Entertainment,820.00
Music festival ticket for a local band show,Entertainment,2750.00
Tiffin service from a nearby dhaba,Food,1750.00
Hotel booking in Bangkok,Travel,13350.00
Breakfast from CCD,Food,460.00
Cab ride from airport in Delhi,Travel,2850.00
Theatre tickets for a musical,Entertainment,500.00
Books purchased from a local bookstore,Shopping,710.00
Concert tickets for a live show,Entertainment,5450.00
Cab ride from airport in Delhi,Travel,2200.00
EMI payment for home loan via bank auto-debit,Rent,13200.00
Books purchased from a local bookstore,Shopping,1500.00
Kitchen appliance bought from Reliance Digital,Shopping,4300.00
Cab ride from airport in Mumbai,Travel,2700.00
Streaming device purchase (Apple TV),Entertainment,3200.00
Train ticket booking via Indian Railways,Transport,2550.00
Visa fee for Dubai trip,Travel,5700.00
Rent paid to the property manager,Rent,16800.00
Insurance premium payment to HDFC Ergo,Utilities,7100.00
Bus ticket booked via the state transport corporation,Transport,120.00
EMI payment for home loan via bank auto-debit,Rent,31300.00
Software subscription renewal for Adobe,Utilities,7400.00
Electrician service fee via a local electrician,Utilities,540.00
Rental deposit refund via UPI transfer,Rent,29650.00
Weekend getaway to Coorg,Travel,3600.00
Rent paid to the property manager,Rent,23550.00
Amusement park entry at an adventure park,Entertainment,1150.00
Theatre tickets for a stand-up comedy show,Entertainment,300.00
Visa fee for Singapore trip,Travel,2300.00
Tyre replacement at the tyre shop,Transport,3100.00
Furniture bought from Pepperfry,Shopping,36900.00
Lunch at Pizza Hut,Food,1450.00
Rent paid to the property manager,Rent,9900.00
Flight ticket to Delhi,Travel,17050.00
Breakfast from Zomato,Food,300.00
Water bill payment to the water board,Utilities,1050.00
Ferry ticket to Andaman,Travel,820.00
Insurance premium payment to LIC,Utilities,5100.00
Cab ride from airport in Delhi,Travel,440.00
Train journey to Kerala,Travel,2800.00
Scooter rental via Rapido,Transport,200.00
Gaming purchase from Steam,Entertainment,4600.00
Rent paid to the landlord,Rent,15900.00
Museum entry at a heritage site,Entertainment,140.00
Online course enrollment on Udemy,Entertainment,3150.00
Music festival ticket for a weekend festival,Entertainment,3850.00
Trekking package to Ladakh,Travel,23750.00
Dinner at Barista,Food,900.00
Streaming device purchase (Firestick),Entertainment,7750.00
Insurance premium payment to ICICI Lombard,Utilities,7000.00
Homestay booking in Darjeeling,Travel,4350.00
Weekend getaway to Coorg,Travel,5500.00
Traffic fine paid to the traffic police,Transport,900.00
Rental deposit refund via bank transfer,Rent,29100.00
Online course enrollment on Coursera,Entertainment,530.00
Flat maintenance charges via MagicBricks,Rent,2800.00
Homestay booking in Munnar,Travel,4300.00
Flat maintenance charges via the building association,Rent,1000.00
New sneakers from Amazon,Shopping,2600.00
New sneakers from Myntra,Shopping,7400.00
Online course enrollment on Udemy,Entertainment,2500.00
Train ticket booking via Indian Railways,Transport,1250.00
Electrician service fee via an on-call technician,Utilities,990.00
Tyre replacement at the tyre shop,Transport,2250.00
DTH recharge for Dish TV,Utilities,670.00
Home security service fee via an alarm monitoring service,Utilities,1350.00
Flight ticket to Bangkok,Travel,16250.00
Delivery order from Domino's,Food,160.00
Internet bill from Jio,Utilities,820.00
Subscription renewal for Netflix,Entertainment,200.00
Tiffin service from a nearby dhaba,Food,2350.00
New jacket bought from Myntra,Shopping,5500.00
Smartwatch purchased from Amazon,Shopping,4450.00
Ferry ticket to a nearby island,Travel,1250.00
Train ticket booking via Indian Railways,Transport,1050.00
Hotel booking in Bangkok,Travel,14700.00
DTH recharge for Tata Sky,Utilities,360.00
Home security service fee via an alarm monitoring service,Utilities,1700.00
Software subscription renewal for Adobe,Utilities,2200.00
Rent paid to the property manager,Rent,17000.00
Rental deposit refund via UPI transfer,Rent,22800.00
Amusement park entry at Essel World,Entertainment,620.00
Scooter rental via Rapido,Transport,540.00
Cab ride from airport in Dubai,Travel,2200.00
Mobile recharge for Airtel,Utilities,1000.00
Homestay booking in Rishikesh,Travel,7750.00
Concert tickets for a live show,Entertainment,6100.00
Tyre replacement at the local garage,Transport,6600.00
Museum entry at a city museum,Entertainment,480.00
New jacket bought from a local store,Shopping,3700.00
Juice and sandwich at the local cafe,Food,140.00
Monthly apartment rent paid via NoBroker,Rent,16200.00
Mobile recharge for Vodafone,Utilities,1050.00
Theatre tickets for a musical,Entertainment,870.00
Breakfast from a local bakery,Food,230.00
Smartwatch purchased from Amazon,Shopping,9100.00
Fuel refill at a local fuel station,Transport,1500.00
Insurance premium payment to HDFC Ergo,Utilities,3100.00
Toll charges on the highway,Transport,110.00
Breakfast from a street cart,Food,620.00
Society maintenance fee via the housing society,Rent,2550.00
Visa fee for Dubai trip,Travel,2650.00
Insurance premium payment to LIC,Utilities,5650.00
Hotel booking in Udaipur,Travel,11450.00
Cab ride from airport in Bangkok,Travel,1600.00
Flight ticket to Singapore,Travel,4900.00
Bus trip to Goa,Travel,1300.00
Gaming accessories bought from a local computer store,Shopping,2200.00
Juice and sandwich at a street stall,Food,190.00
Metro card recharge for Namma Metro,Transport,140.00
Auto rickshaw fare via Ola,Transport,210.00
Groceries from a supermarket,Food,2700.00
Toll charges on the highway,Transport,500.00
Home security service fee via a security agency,Utilities,1600.00
Camera purchased from Croma,Shopping,58400.00
Traffic fine paid to the RTO,Transport,1000.00
EMI payment for home loan via NEFT transfer,Rent,31900.00
New sneakers from a local store,Shopping,3800.00
Fuel refill at HP petrol pump,Transport,940.00
Jeans purchased from Levi's,Shopping,4650.00
Insurance premium payment to LIC,Utilities,3250.00
Security deposit for flat via NoBroker,Rent,17050.00
Hostel stay in Goa,Travel,1500.00
Rent paid to the property manager,Rent,15850.00
Gaming purchase from PlayStation Store,Entertainment,3750.00
Bus trip to Goa,Travel,1400.00
Delivery order from Zomato,Food,570.00
Plumbing repair via an on-call technician,Utilities,790.00
Bus ticket booked via RedBus,Transport,420.00
Dinner at a rooftop cafe,Food,2600.00
Music festival ticket for a local band show,Entertainment,1150.00
Smartwatch purchased from Croma,Shopping,7700.00
Train journey to Mumbai,Travel,1400.00
Delivery order from Swiggy,Food,650.00
Homestay booking in Darjeeling,Travel,4450.00
Streaming device purchase (Firestick),Entertainment,2500.00
Tiffin service from a home cook,Food,2850.00
Society maintenance fee via the building association,Rent,1850.00
House rent payment via the landlord,Rent,15150.00
Car service at the local garage,Transport,7300.00
Home security service fee via an alarm monitoring service,Utilities,780.00
Camera purchased from Reliance Digital,Shopping,25350.00
Late fee for rent payment via the landlord,Rent,1000.00
Gas cylinder refill from HP Gas,Utilities,1200.00
DTH recharge for Airtel Digital TV,Utilities,410.00
Trekking package to Ladakh,Travel,6700.00
Electrician service fee via an on-call technician,Utilities,1600.00
Software subscription renewal for Adobe,Utilities,4050.00
Smartwatch purchased from Flipkart,Shopping,2200.00
Jeans purchased from a local store,Shopping,2850.00
New jacket bought from Amazon,Shopping,3800.00
Internet bill from BSNL,Utilities,1250.00
Subscription renewal for Spotify,Entertainment,1200.00
Books purchased from Amazon,Shopping,960.00
Train journey to Mumbai,Travel,2000.00
Flight ticket to Goa,Travel,14950.00
Tiffin service from the local vendor,Food,2900.00
Internet bill from Airtel,Utilities,1750.00
Weekend getaway to Rishikesh,Travel,3600.00
Gas cylinder refill from Indane,Utilities,990.00
EMI payment for home loan via bank auto-debit,Rent,37550.00
Camera purchased from Reliance Digital,Shopping,14500.00
Jeans purchased from a local store,Shopping,3600.00
Trekking package to Ladakh,Travel,13550.00
Gaming accessories bought from Amazon,Shopping,1600.00
Rent paid to the landlord,Rent,14100.00
Security deposit for flat via MagicBricks,Rent,50950.00
Bike service at a bike workshop,Transport,1900.00
Lunch at a local dhaba,Food,170.00
Furniture bought from Pepperfry,Shopping,39750.00
Museum entry at a city museum,Entertainment,460.00
Jeans purchased from a local store,Shopping,1600.00
Bus ticket booked via RedBus,Transport,820.00
Insurance premium payment to ICICI Lombard,Utilities,11250.00
Amusement park entry at Essel World,Entertainment,760.00
Juice and sandwich at the office canteen,Food,240.00
Late fee for rent payment via UPI transfer,Rent,240.00
Monthly PG rent payment via the PG owner,Rent,14100.00
Concert tickets for a rock concert,Entertainment,5100.00
Metro card recharge for BMRCL,Transport,840.00
Toll charges on the expressway toll plaza,Transport,420.00
Museum entry at an art gallery,Entertainment,370.00
Car service at the local garage,Transport,4050.00
Cab ride from airport in Mumbai,Travel,1150.00
Juice and sandwich at the office canteen,Food,100.00
Dinner at with colleagues,Food,2850.00
Kitchen appliance bought from Croma,Shopping,5650.00
Camera purchased from Amazon,Shopping,14700.00
Museum entry at a city museum,Entertainment,590.00
Amusement park entry at an adventure park,Entertainment,1450.00
Coffee at Barista,Food,310.00
Lunch at McDonald's,Food,500.00
Society maintenance fee via the building association,Rent,1050.00
Tyre replacement at the tyre shop,Transport,4050.00
Museum entry at an art gallery,Entertainment,190.00
Tyre replacement at the tyre shop,Transport,7850.00
Internet bill from Airtel,Utilities,2300.00
Monthly electricity bill from the state electricity board,Utilities,5950.00
Metro card recharge for Namma Metro,Transport,210.00
Monthly PG rent payment via UPI transfer,Rent,9700.00
Late fee for rent payment via the landlord,Rent,490.00
Train ticket booking via IRCTC,Transport,1500.00
Weekend getaway to Rishikesh,Travel,15000.00
Late fee for rent payment via UPI transfer,Rent,960.00
Software subscription renewal for a cloud storage plan,Utilities,4350.00
Gas cylinder refill from Indane,Utilities,730.00
Parking fee at the airport,Transport,230.00
Plumbing repair via an on-call technician,Utilities,860.00
Insurance premium payment to LIC,Utilities,1750.00
Delivery order from Zomato,Food,180.00
Dinner at a rooftop cafe,Food,1950.00
Gaming accessories bought from a local computer store,Shopping,6150.00
Security deposit for flat via NoBroker,Rent,49250.00
Internet bill from ACT Fibernet,Utilities,1200.00
Internet bill from ACT Fibernet,Utilities,1150.00
Water bill payment to the water board,Utilities,410.00
Security deposit for flat via MagicBricks,Rent,38700.00
Rental deposit refund via bank transfer,Rent,18050.00
Online course enrollment on Coursera,Entertainment,2500.00
Plumbing repair via a local plumber,Utilities,510.00
Tiffin service from a home cook,Food,2700.00
Cab ride from airport in Mumbai,Travel,1250.00
Delivery order from a local restaurant,Food,1500.00
Monthly PG rent payment via the PG owner,Rent,11100.00
Tiffin service from the local vendor,Food,3050.00
Hostel stay in Rishikesh,Travel,1050.00
EMI payment for home loan via NEFT transfer,Rent,34400.00
Monthly electricity bill from BESCOM,Utilities,4900.00
Train ticket booking via IRCTC,Transport,710.00
Software subscription renewal for Microsoft 365,Utilities,4300.00
Mobile recharge for BSNL,Utilities,740.00
Toll charges on the expressway toll plaza,Transport,150.00
Tyre replacement at the local garage,Transport,2050.00
Monthly electricity bill from the state electricity board,Utilities,1950.00
Water bill payment to the water board,Utilities,290.00
Music festival ticket for a weekend festival,Entertainment,3450.00
Flight ticket to Mumbai,Travel,6050.00
Parking fee at the multiplex,Transport,300.00
Dinner at a hotel restaurant,Food,3100.00
Juice and sandwich at the office canteen,Food,120.00
Amusement park entry at an adventure park,Entertainment,1800.00
Online course enrollment on Coursera,Entertainment,2350.00
Visa fee for Singapore trip,Travel,6400.00
Tiffin service from the local vendor,Food,1800.00
Flight ticket to Bangkok,Travel,11900.00
Gaming accessories bought from a local computer store,Shopping,6850.00
Kitchen appliance bought from Reliance Digital,Shopping,2400.00
Coffee at Starbucks,Food,210.00
Smartwatch purchased from Amazon,Shopping,12600.00
Juice and sandwich at a street stall,Food,340.00
Auto rickshaw fare via a local auto stand,Transport,240.00
Internet bill from BSNL,Utilities,820.00
Gaming accessories bought from a local computer store,Shopping,4050.00
Amusement park entry at an adventure park,Entertainment,840.00
Monthly apartment rent paid via UPI transfer,Rent,23050.00
Monthly apartment rent paid via NEFT payment,Rent,24200.00
Streaming device purchase (Apple TV),Entertainment,7700.00
Ferry ticket to a nearby island,Travel,940.00
Breakfast from CCD,Food,300.00
Gaming accessories bought from Flipkart,Shopping,7700.00
Mobile recharge for Vodafone,Utilities,340.00
Juice and sandwich at a street stall,Food,150.00
Jeans purchased from Myntra,Shopping,2950.00
Trekking package to Himachal,Travel,25200.00
Water bill payment to the water board,Utilities,640.00
Metro card recharge for Namma Metro,Transport,1300.00
Metro card recharge for Namma Metro,Transport,760.00
Mobile recharge for Vodafone,Utilities,380.00
Music festival ticket for a local band show,Entertainment,4250.00
Train journey to Mumbai,Travel,2950.00
Books purchased from a local bookstore,Shopping,300.00
Movie tickets at PVR,Entertainment,540.00
Parking fee at the multiplex,Transport,80.00
Cab ride from airport in Mumbai,Travel,2950.00
Traffic fine paid to the traffic police,Transport,600.00
Juice and sandwich at the local cafe,Food,350.00
Breakfast from a street cart,Food,140.00
Street food from a local vendor,Food,70.00
Rental deposit refund via bank transfer,Rent,18350.00
Auto rickshaw fare via a local auto stand,Transport,270.00
Software subscription renewal for Microsoft 365,Utilities,6800.00
Weekend getaway to Munnar,Travel,7200.00
Flat maintenance charges via the building association,Rent,1450.00
Parking fee at the airport,Transport,140.00
Monthly apartment rent paid via NoBroker,Rent,15800.00
Concert tickets for a music festival,Entertainment,4450.00
Rental deposit refund via bank transfer,Rent,8050.00
Insurance premium payment to HDFC Ergo,Utilities,5000.00
Breakfast from CCD,Food,660.00
Flight ticket to Dubai,Travel,5500.00
Museum entry at an art gallery,Entertainment,230.00
Online course enrollment on Coursera,Entertainment,3950.00
Camera purchased from Reliance Digital,Shopping,25500.00
Jeans purchased from a local store,Shopping,1800.00
Ferry ticket to a nearby island,Travel,1450.00
EMI payment for home loan via NEFT transfer,Rent,31300.00
Society maintenance paid via the building association,Utilities,2600.00
Streaming device purchase (Chromecast),Entertainment,5400.00
Theatre tickets for a stand-up comedy show,Entertainment,590.00
Tiffin service from a nearby dhaba,Food,2750.00
Society maintenance paid via the housing society,Utilities,3150.00
Monthly apartment rent paid via UPI transfer,Rent,14850.00
Books purchased from Amazon,Shopping,1600.00
Dinner at a Chinese restaurant,Food,650.00
Society maintenance paid via the building association,Utilities,4600.00
New sneakers from Myntra,Shopping,6600.00
Tyre replacement at the local garage,Transport,4000.00
Internet bill from BSNL,Utilities,2400.00
Cab ride via Uber,Transport,2450.00
Delivery order from a local restaurant,Food,1100.00
Security deposit for flat via MagicBricks,Rent,17650.00
House rent payment via the landlord,Rent,29750.00
Water bill payment to the municipal corporation,Utilities,810.00
Headphones purchased from Flipkart,Shopping,2700.00
Groceries from a local vendor,Food,2550.00
Water bill payment to the municipal corporation,Utilities,570.00
Toll charges on the expressway toll plaza,Transport,80.00
Furniture bought from a local showroom,Shopping,6500.00
Lunch at Domino's,Food,630.00
Society maintenance paid via the building association,Utilities,3750.00
House rent payment via UPI transfer,Rent,15350.00
Traffic fine paid to the RTO,Transport,920.00
Flight ticket to Goa,Travel,22050.00
Homestay booking in Rishikesh,Travel,2050.00
Water bill payment to the municipal corporation,Utilities,480.00
Bus ticket booked via RedBus,Transport,320.00
Coffee at a local cafe,Food,350.00
Homestay booking in Munnar,Travel,4400.00
T-shirt bought from a local store,Shopping,1250.00
Bus trip to Pondicherry,Travel,1200.00
Society maintenance fee via the building association,Rent,2550.00
Home security service fee via a security agency,Utilities,730.00
Breakfast from CCD,Food,140.00
Concert tickets for a live show,Entertainment,2600.00
Lunch at Burger King,Food,1250.00
Flat maintenance charges via MagicBricks,Rent,920.00
Streaming device purchase (Chromecast),Entertainment,2100.00
Gaming purchase from Xbox Store,Entertainment,1200.00
Weekend getaway to Coorg,Travel,9400.00
Flat maintenance charges via the building association,Rent,900.00
Kitchen appliance bought from Amazon,Shopping,10700.00
Monthly apartment rent paid via NoBroker,Rent,8650.00
Homestay booking in Darjeeling,Travel,7700.00
Ice cream from a local parlour,Food,140.00
Flight ticket to Bangkok,Travel,22200.00
Monthly PG rent payment via the PG owner,Rent,6250.00
Fuel refill at Shell,Transport,1350.00
Weekend getaway to Rishikesh,Travel,10500.00
Society maintenance paid via the building association,Utilities,1550.00
Breakfast from Zomato,Food,120.00
House rent payment via the landlord,Rent,22350.00
Street food from a food truck,Food,50.00
EMI payment for home loan via NEFT transfer,Rent,40000.00
Gaming purchase from PlayStation Store,Entertainment,3300.00
Water bill payment to the municipal corporation,Utilities,620.00
Amusement park entry at Wonderla,Entertainment,860.00
Scooter rental via Yulu,Transport,770.00
Bus ticket booked via RedBus,Transport,940.00
Subscription renewal for Amazon Prime,Entertainment,610.00
Coffee at Barista,Food,210.00
Toll charges on the highway,Transport,490.00
Gaming accessories bought from Amazon,Shopping,7400.00
Streaming device purchase (Firestick),Entertainment,4200.00
Dinner at a local restaurant,Food,1350.00
Train journey to Kerala,Travel,530.00
Trekking package to Himachal,Travel,17650.00
Security deposit for flat via the landlord,Rent,39550.00
Hotel booking in Kerala,Travel,5200.00
Visa fee for Thailand trip,Travel,6600.00
Smartwatch purchased from Flipkart,Shopping,15600.00
Jeans purchased from Myntra,Shopping,3500.00
Plumbing repair via a local plumber,Utilities,710.00
Tiffin service from the local vendor,Food,1650.00
Auto rickshaw fare via Uber,Transport,210.00
Music festival ticket for a local band show,Entertainment,2850.00
Software subscription renewal for a cloud storage plan,Utilities,2300.00
Books purchased from a local bookstore,Shopping,490.00
Flat maintenance charges via MagicBricks,Rent,2100.00
Monthly electricity bill from the state electricity board,Utilities,5500.00
Cab ride from airport in Delhi,Travel,2750.00
Museum entry at a city museum,Entertainment,300.00
Flight ticket to Delhi,Travel,7100.00
Lunch at Burger King,Food,910.00
Traffic fine paid to the RTO,Transport,1250.00
Bus ticket booked via RedBus,Transport,270.00
Monthly apartment rent paid via NoBroker,Rent,24450.00
Monthly apartment rent paid via NoBroker,Rent,19800.00
Museum entry at a heritage site,Entertainment,180.00
Flat maintenance charges via the building association,Rent,1500.00
EMI payment for home loan via NEFT transfer,Rent,28400.00
Electrician service fee via a local electrician,Utilities,1650.00
Museum entry at a city museum,Entertainment,230.00
Movie tickets at INOX,Entertainment,1500.00
Dinner at a Chinese restaurant,Food,1600.00
Books purchased from a local bookstore,Shopping,310.00
Scooter rental via Rapido,Transport,310.00
Metro card recharge for Delhi Metro,Transport,1450.00
House rent payment via the landlord,Rent,25650.00
T-shirt bought from a local store,Shopping,1200.00
Train journey to Kerala,Travel,1600.00
Visa fee for Singapore trip,Travel,6150.00
Security deposit for flat via MagicBricks,Rent,31450.00
Monthly apartment rent paid via UPI transfer,Rent,23900.00
Society maintenance fee via the building association,Rent,1600.00
Visa fee for Dubai trip,Travel,6000.00
T-shirt bought from a local store,Shopping,1400.00
Coffee at a local cafe,Food,100.00
Weekend getaway to Munnar,Travel,13700.00
Headphones purchased from Amazon,Shopping,890.00
Dinner at Barista,Food,1450.00
Hotel booking in Jaipur,Travel,7650.00
Auto rickshaw fare via a local auto stand,Transport,60.00
Software subscription renewal for a cloud storage plan,Utilities,1950.00
Monthly apartment rent paid via NEFT payment,Rent,16800.00
New jacket bought from Amazon,Shopping,5950.00
Concert tickets for a music festival,Entertainment,3000.00
Plumbing repair via an on-call technician,Utilities,1450.00
Groceries from BigBasket,Food,2050.00
Train journey to Delhi,Travel,1400.00
Cab ride via Ola,Transport,590.00
Delivery order from Swiggy,Food,490.00
Dinner at a local restaurant,Food,1500.00
Gaming accessories bought from Flipkart,Shopping,7000.00
Music festival ticket for a weekend festival,Entertainment,2550.00
Metro card recharge for BMRCL,Transport,860.00
Train journey to Jaipur,Travel,1450.00
Museum entry at a city museum,Entertainment,500.00
Headphones purchased from Flipkart,Shopping,4550.00
DTH recharge for Dish TV,Utilities,260.00
Metro card recharge for Delhi Metro,Transport,680.00
Gaming purchase from PlayStation Store,Entertainment,1850.00
Backpack bought from a local store,Shopping,830.00
DTH recharge for Dish TV,Utilities,290.00
Coffee at CCD,Food,440.00
Internet bill from BSNL,Utilities,2500.00
Mobile recharge for Vodafone,Utilities,260.00
Plumbing repair via an on-call technician,Utilities,350.00
Furniture bought from a local showroom,Shopping,15500.00
Online course enrollment on Udemy,Entertainment,2850.00
Tyre replacement at the local garage,Transport,4250.00
Movie tickets at PVR,Entertainment,700.00
Streaming device purchase (Apple TV),Entertainment,7550.00
Headphones purchased from Croma,Shopping,5100.00
Camera purchased from Croma,Shopping,20450.00
Internet bill from BSNL,Utilities,840.00
Cab ride via Ola,Transport,390.00
Ice cream from a local parlour,Food,390.00
Security deposit for flat via MagicBricks,Rent,47100.00
Fuel refill at HP petrol pump,Transport,3150.00
House rent payment via bank transfer,Rent,21950.00
Fuel refill at Shell,Transport,3500.00
Bike service at the local garage,Transport,770.00
Museum entry at an art gallery,Entertainment,200.00
Gas cylinder refill from HP Gas,Utilities,900.00
Books purchased from Crossword,Shopping,970.00
Gaming purchase from PlayStation Store,Entertainment,2400.00
Train journey to Mumbai,Travel,2400.00
Rental deposit refund via bank transfer,Rent,28900.00
Juice and sandwich at a street stall,Food,210.00
DTH recharge for Airtel Digital TV,Utilities,230.00
Monthly electricity bill from the state electricity board,Utilities,2650.00
Coffee at Starbucks,Food,200.00
Tyre replacement at the tyre shop,Transport,2800.00
House rent payment via the landlord,Rent,29450.00
Jeans purchased from Myntra,Shopping,4150.00
New jacket bought from Myntra,Shopping,2300.00
Gaming purchase from Xbox Store,Entertainment,830.00
Late fee for rent payment via UPI transfer,Rent,680.00
Jeans purchased from a local store,Shopping,2900.00
Ice cream from Baskin Robbins,Food,320.00
Bus trip to Coorg,Travel,740.00
Weekend getaway to Rishikesh,Travel,12600.00
Concert tickets for a live show,Entertainment,3050.00
Camera purchased from Croma,Shopping,12750.00
Weekend getaway to Pondicherry,Travel,15100.00
Trekking package to Ladakh,Travel,27700.00
Bus trip to Manali,Travel,1000.00
Plumbing repair via a local plumber,Utilities,1750.00
T-shirt bought from Myntra,Shopping,1150.00
Gaming accessories bought from Amazon,Shopping,5950.00
Rent paid to the landlord,Rent,9100.00
Movie tickets at the local theatre,Entertainment,1300.00
Breakfast from a local bakery,Food,320.00
Flight ticket to Bangkok,Travel,6500.00
Ice cream from Baskin Robbins,Food,310.00
Groceries from a local vendor,Food,1750.00
Weekend getaway to Rishikesh,Travel,12850.00
DTH recharge for Tata Sky,Utilities,230.00
Amusement park entry at Wonderla,Entertainment,680.00
EMI payment for home loan via bank auto-debit,Rent,29350.00
Kitchen appliance bought from Croma,Shopping,18800.00
Scooter rental via Bounce,Transport,680.00
Visa fee for Thailand trip,Travel,4750.00
Auto rickshaw fare via Uber,Transport,250.00
Music festival ticket for a local band show,Entertainment,3600.00
Mobile recharge for BSNL,Utilities,260.00
Ice cream from a local parlour,Food,220.00
Ice cream from a street vendor,Food,280.00
Flight ticket to Goa,Travel,5850.00
Plumbing repair via an on-call technician,Utilities,1500.00
Streaming device purchase (Firestick),Entertainment,5000.00
Ice cream from a street vendor,Food,200.00
Breakfast from a street cart,Food,580.00
Tyre replacement at the local garage,Transport,2750.00
Electrician service fee via an on-call technician,Utilities,350.00
Flat maintenance charges via the building association,Rent,880.00
Trekking package to Uttarakhand,Travel,9000.00
Delivery order from Zomato,Food,1300.00
Rental deposit refund via UPI transfer,Rent,18950.00
Scooter rental via Rapido,Transport,480.00
Subscription renewal for Netflix,Entertainment,1100.00
Water bill payment to the water board,Utilities,270.00
Concert tickets for a live show,Entertainment,5800.00
Kitchen appliance bought from Amazon,Shopping,13150.00
Hotel booking in Goa,Travel,10900.00
Rental deposit refund via UPI transfer,Rent,26800.00
Monthly apartment rent paid via UPI transfer,Rent,22700.00
Metro card recharge for BMRCL,Transport,1250.00
Parking fee at the multiplex,Transport,380.00
Toll charges on the highway,Transport,90.00
Hostel stay in Rishikesh,Travel,1800.00
House rent payment via bank transfer,Rent,24750.00
Street food from a food truck,Food,260.00
Bus trip to Pondicherry,Travel,1850.00
Society maintenance fee via the housing society,Rent,1550.00
Water bill payment to the water board,Utilities,1100.00
Delivery order from a local restaurant,Food,330.00
Groceries from the neighborhood store,Food,810.00
Cab ride from airport in Delhi,Travel,3500.00
Concert tickets for a rock concert,Entertainment,5900.00
Electrician service fee via an on-call technician,Utilities,1700.00
Subscription renewal for Spotify,Entertainment,440.00
Insurance premium payment to ICICI Lombard,Utilities,1800.00
Security deposit for flat via NoBroker,Rent,57950.00
Ferry ticket to Goa,Travel,1950.00
Visa fee for Dubai trip,Travel,4150.00
Bus trip to Goa,Travel,1350.00
Security deposit for flat via MagicBricks,Rent,57600.00
Monthly PG rent payment via UPI transfer,Rent,12300.00
Monthly electricity bill from the state electricity board,Utilities,1150.00
Hostel stay in Rishikesh,Travel,710.00
DTH recharge for Tata Sky,Utilities,470.00
House rent payment via the landlord,Rent,20200.00
Camera purchased from Croma,Shopping,12850.00
Subscription renewal for Netflix,Entertainment,710.00
Online course enrollment on Udemy,Entertainment,2750.00
Society maintenance paid via the building association,Utilities,3450.00
Bus ticket booked via BMTC,Transport,580.00
Train journey to Kerala,Travel,950.00
Movie tickets at PVR,Entertainment,380.00
Flat maintenance charges via the building association,Rent,2800.00
Software subscription renewal for Adobe,Utilities,2950.00
Groceries from BigBasket,Food,3250.00
Home security service fee via an alarm monitoring service,Utilities,2200.00
Society maintenance fee via the building association,Rent,810.00
Delivery order from Domino's,Food,190.00
Street food from a local vendor,Food,140.00
Subscription renewal for Netflix,Entertainment,300.00
EMI payment for home loan via bank auto-debit,Rent,15100.00
Internet bill from Jio,Utilities,870.00
Train journey to Mumbai,Travel,2050.00
Tyre replacement at the tyre shop,Transport,2500.00
Bike service at the service center,Transport,1750.00
Monthly electricity bill from the state electricity board,Utilities,5600.00
Furniture bought from Urban Ladder,Shopping,34150.00
Parking fee at the airport,Transport,310.00
Mobile recharge for BSNL,Utilities,1400.00
EMI payment for home loan via NEFT transfer,Rent,31800.00
Metro card recharge for BMRCL,Transport,550.00
Water bill payment to the water board,Utilities,830.00
Hostel stay in Goa,Travel,2350.00
Online course enrollment on an online learning platform,Entertainment,3100.00
Headphones purchased from Flipkart,Shopping,2000.00
Kitchen appliance bought from Croma,Shopping,1850.00
Music festival ticket for a weekend festival,Entertainment,5800.00
Coffee at Barista,Food,240.00
Water bill payment to the municipal corporation,Utilities,750.00
Trekking package to Himachal,Travel,8350.00
Backpack bought from Amazon,Shopping,2500.00
Breakfast from a local bakery,Food,220.00
Home security service fee via a security agency,Utilities,530.00
Lunch at Burger King,Food,720.00
Concert tickets for a music festival,Entertainment,1550.00
Subscription renewal for Netflix,Entertainment,390.00
Insurance premium payment to LIC,Utilities,12750.00
EMI payment for home loan via bank auto-debit,Rent,22450.00
Delivery order from a local restaurant,Food,270.00
Breakfast from CCD,Food,170.00
DTH recharge for Airtel Digital TV,Utilities,580.00
Subscription renewal for Amazon Prime,Entertainment,1300.00
Streaming device purchase (Apple TV),Entertainment,5400.00
Backpack bought from a local store,Shopping,3800.00
Monthly electricity bill from BESCOM,Utilities,4700.00
Monthly apartment rent paid via NEFT payment,Rent,15450.00
Ice cream from Baskin Robbins,Food,340.00
Traffic fine paid to the traffic police,Transport,620.00
Rental deposit refund via bank transfer,Rent,28000.00
Museum entry at a heritage site,Entertainment,310.00
Headphones purchased from Flipkart,Shopping,1550.00
Monthly PG rent payment via the PG owner,Rent,12950.00
Headphones purchased from Flipkart,Shopping,4750.00
House rent payment via the landlord,Rent,26050.00
Toll charges on the expressway toll plaza,Transport,160.00
Trekking package to Uttarakhand,Travel,27400.00
Gas cylinder refill from HP Gas,Utilities,860.00
Lunch at the office cafeteria,Food,620.00
Camera purchased from Croma,Shopping,26600.00
Gas cylinder refill from Indane,Utilities,740.00
Bus ticket booked via BMTC,Transport,780.00
House rent payment via the landlord,Rent,16300.00
House rent payment via bank transfer,Rent,29100.00
Monthly apartment rent paid via UPI transfer,Rent,17550.00
Toll charges on the highway,Transport,310.00
Hostel stay in Goa,Travel,1550.00
Juice and sandwich at a street stall,Food,250.00
Train journey to Kerala,Travel,2600.00
Car service at the local garage,Transport,4350.00
Dinner at a local restaurant,Food,840.00
Headphones purchased from Flipkart,Shopping,5200.00
Groceries from a local vendor,Food,3100.00
Ice cream from a street vendor,Food,350.00
Museum entry at an art gallery,Entertainment,540.00
Software subscription renewal for Microsoft 365,Utilities,2100.00
Insurance premium payment to LIC,Utilities,2600.00
Online course enrollment on Coursera,Entertainment,3000.00
Gaming accessories bought from a local computer store,Shopping,7600.00
Theatre tickets for a play,Entertainment,1300.00
Auto rickshaw fare via a local auto stand,Transport,130.00
Music festival ticket for a weekend festival,Entertainment,5400.00
Rental deposit refund via bank transfer,Rent,28550.00
Camera purchased from Amazon,Shopping,44550.00
Smartwatch purchased from Flipkart,Shopping,18600.00
Bus trip to Pondicherry,Travel,2400.00
Dinner at CCD,Food,1550.00
Gas cylinder refill from Bharat Gas,Utilities,720.00
Water bill payment to the municipal corporation,Utilities,590.00
Train ticket booking via Indian Railways,Transport,510.00
Bike service at the service center,Transport,850.00
Smartwatch purchased from Flipkart,Shopping,4500.00
Rental deposit refund via bank transfer,Rent,15550.00
Software subscription renewal for Adobe,Utilities,4600.00
Monthly apartment rent paid via NoBroker,Rent,9700.00
DTH recharge for Tata Sky,Utilities,320.00
Amusement park entry at Wonderla,Entertainment,710.00
Metro card recharge for Delhi Metro,Transport,270.00
House rent payment via UPI transfer,Rent,16850.00
Software subscription renewal for a cloud storage plan,Utilities,2200.00
Monthly PG rent payment via UPI transfer,Rent,14450.00
Bus ticket booked via RedBus,Transport,170.00
Online course enrollment on an online learning platform,Entertainment,670.00
Theatre tickets for a stand-up comedy show,Entertainment,950.00
Traffic fine paid to the traffic police,Transport,720.00
Metro card recharge for Namma Metro,Transport,1400.00
Flight ticket to Bangkok,Travel,18900.00
Rent paid to the landlord,Rent,15200.00
Music festival ticket for a weekend festival,Entertainment,4000.00
Insurance premium payment to LIC,Utilities,6950.00
Breakfast from CCD,Food,670.00
Smartwatch purchased from Croma,Shopping,16000.00
Metro card recharge for BMRCL,Transport,470.00
Juice and sandwich at the office canteen,Food,170.00
Train ticket booking via IRCTC,Transport,990.00
Rental deposit refund via UPI transfer,Rent,15600.00
Coffee at Starbucks,Food,170.00
Monthly electricity bill from BESCOM,Utilities,1700.00
Parking fee at the airport,Transport,490.00
Trekking package to Ladakh,Travel,7900.00
Internet bill from Jio,Utilities,830.00
Movie tickets at PVR,Entertainment,1050.00
Smartwatch purchased from Amazon,Shopping,10600.00
Metro card recharge for Namma Metro,Transport,1200.00
Insurance premium payment to ICICI Lombard,Utilities,8000.00
Rent paid to the property manager,Rent,10800.00
Amusement park entry at an adventure park,Entertainment,850.00
Bus trip to Manali,Travel,2350.00
Music festival ticket for a local band show,Entertainment,3400.00
Delivery order from a local restaurant,Food,690.00
New jacket bought from a local store,Shopping,4300.00
Backpack bought from a local store,Shopping,2200.00
Monthly apartment rent paid via UPI transfer,Rent,20450.00
Plumbing repair via a local plumber,Utilities,700.00
Theatre tickets for a stand-up comedy show,Entertainment,1250.00
Museum entry at a heritage site,Entertainment,500.00
Software subscription renewal for a cloud storage plan,Utilities,3250.00
Train journey to Jaipur,Travel,710.00
Delivery order from Swiggy,Food,260.00
Ice cream from a local parlour,Food,80.00
Delivery order from a local restaurant,Food,350.00
Backpack bought from Amazon,Shopping,2050.00
Streaming device purchase (Chromecast),Entertainment,5650.00
Streaming device purchase (Chromecast),Entertainment,4700.00
Fuel refill at IOC,Transport,2150.00
Fuel refill at a local fuel station,Transport,2950.00
Gaming accessories bought from a local computer store,Shopping,1850.00
DTH recharge for Dish TV,Utilities,440.00
Amusement park entry at Wonderla,Entertainment,2200.00
Plumbing repair via an on-call technician,Utilities,1800.00
Flight ticket to Dubai,Travel,11300.00
Groceries from BigBasket,Food,2750.00
Flat maintenance charges via the building association,Rent,960.00
Museum entry at a heritage site,Entertainment,190.00
Insurance premium payment to HDFC Ergo,Utilities,7450.00
Flight ticket to Bangkok,Travel,21300.00
Auto rickshaw fare via Ola,Transport,40.00
EMI payment for home loan via NEFT transfer,Rent,28000.00
Weekend getaway to Coorg,Travel,14800.00
Ice cream from Baskin Robbins,Food,90.00
Bus trip to Manali,Travel,1150.00
Lunch at KFC,Food,990.00
Tyre replacement at the tyre shop,Transport,7500.00
New sneakers from Amazon,Shopping,7200.00
Society maintenance paid via the housing society,Utilities,3850.00
Street food from a local vendor,Food,180.00
Insurance premium payment to ICICI Lombard,Utilities,9550.00
Furniture bought from Pepperfry,Shopping,5200.00
Gas cylinder refill from Bharat Gas,Utilities,760.00
Movie tickets at the local theatre,Entertainment,1050.00
Society maintenance fee via the building association,Rent,2850.00
Train ticket booking via IRCTC,Transport,1450.00
Society maintenance fee via the housing society,Rent,1700.00
Gaming purchase from Xbox Store,Entertainment,1250.00
Monthly PG rent payment via UPI transfer,Rent,8500.00
Society maintenance paid via the building association,Utilities,4700.00
Homestay booking in Darjeeling,Travel,5900.00
Society maintenance fee via the building association,Rent,2500.00
Electrician service fee via a local electrician,Utilities,680.00
Auto rickshaw fare via Ola,Transport,220.00
Weekend getaway to Munnar,Travel,5950.00
Rent paid to the property manager,Rent,20150.00
Subscription renewal for Hotstar,Entertainment,430.00
Cab ride via Rapido,Transport,2200.00
DTH recharge for Dish TV,Utilities,400.00
Scooter rental via Yulu,Transport,390.00
Lunch at Pizza Hut,Food,1350.00
Fuel refill at IOC,Transport,3050.00
Delivery order from Zomato,Food,1150.00
Headphones purchased from Croma,Shopping,3250.00
Gaming accessories bought from Amazon,Shopping,2650.00
Street food from a food truck,Food,70.00
Coffee at CCD,Food,140.00
Plumbing repair via an on-call technician,Utilities,1550.00
Rent paid to the landlord,Rent,19350.00
Coffee at Starbucks,Food,460.00
Groceries from a supermarket,Food,1100.00
Water bill payment to the water board,Utilities,390.00
Monthly PG rent payment via the PG owner,Rent,6750.00
Bike service at the service center,Transport,1300.00
Ferry ticket to a nearby island,Travel,680.00
Toll charges on the highway,Transport,460.00
Groceries from BigBasket,Food,2100.00
Ferry ticket to a nearby island,Travel,400.00
Monthly electricity bill from the state electricity board,Utilities,3200.00
Hostel stay in Goa,Travel,1000.00
Home security service fee via a security agency,Utilities,1500.00
Electrician service fee via a local electrician,Utilities,1800.00
Books purchased from Crossword,Shopping,720.00
Plumbing repair via a local plumber,Utilities,840.00
New sneakers from Amazon,Shopping,5550.00
Security deposit for flat via NoBroker,Rent,19650.00
Tiffin service from the local vendor,Food,1950.00
Trekking package to Ladakh,Travel,29350.00
Fuel refill at Shell,Transport,2550.00
Scooter rental via Bounce,Transport,760.00
Hostel stay in Goa,Travel,800.00
Concert tickets for a rock concert,Entertainment,6000.00
Online course enrollment on Coursera,Entertainment,2300.00
T-shirt bought from Myntra,Shopping,1400.00
Software subscription renewal for Microsoft 365,Utilities,940.00
Amusement park entry at Wonderla,Entertainment,2000.00
Kitchen appliance bought from Reliance Digital,Shopping,14500.00
Online course enrollment on an online learning platform,Entertainment,2650.00
Software subscription renewal for Adobe,Utilities,5800.00
Ferry ticket to Andaman,Travel,1900.00
Flight ticket to Dubai,Travel,9000.00
Society maintenance fee via the housing society,Rent,810.00
Tiffin service from a home cook,Food,2200.00
Lunch at a local dhaba,Food,780.00
Flight ticket to Dubai,Travel,13200.00
Online course enrollment on Udemy,Entertainment,4100.00
Weekend getaway to Rishikesh,Travel,12700.00
Electrician service fee via an on-call technician,Utilities,590.00
DTH recharge for Tata Sky,Utilities,680.00
Society maintenance fee via the building association,Rent,840.00
Breakfast from CCD,Food,210.00
Auto rickshaw fare via a local auto stand,Transport,190.00
Backpack bought from Decathlon,Shopping,1700.00
Delivery order from Zomato,Food,380.00
EMI payment for home loan via bank auto-debit,Rent,17100.00
Auto rickshaw fare via Uber,Transport,40.00
Toll charges on the expressway toll plaza,Transport,60.00
Camera purchased from Amazon,Shopping,46700.00
Coffee at a local cafe,Food,340.00
Auto rickshaw fare via Ola,Transport,160.00
Smartwatch purchased from Flipkart,Shopping,18450.00
Security deposit for flat via NoBroker,Rent,35900.00
House rent payment via UPI transfer,Rent,25550.00
Ice cream from a street vendor,Food,180.00
Homestay booking in Coorg,Travel,4500.00
Rental deposit refund via UPI transfer,Rent,5400.00
Dinner at a hotel restaurant,Food,2600.00
Mobile recharge for Airtel,Utilities,580.00
Gaming purchase from Steam,Entertainment,1850.00
Flight ticket to Singapore,Travel,8400.00
Lunch at McDonald's,Food,1300.00
Gaming purchase from Steam,Entertainment,1250.00
Dinner at a fine dining restaurant,Food,3250.00
EMI payment for home loan via NEFT transfer,Rent,30250.00
Amusement park entry at Wonderla,Entertainment,2500.00
Scooter rental via Rapido,Transport,520.00
Scooter rental via Yulu,Transport,490.00
Software subscription renewal for a cloud storage plan,Utilities,1250.00
Homestay booking in Rishikesh,Travel,4500.00
Tiffin service from the local vendor,Food,2300.00
Coffee at Barista,Food,460.00
Train journey to Jaipur,Travel,2500.00
Toll charges on the highway,Transport,440.00
New sneakers from Amazon,Shopping,7800.00
Auto rickshaw fare via a local auto stand,Transport,300.00
Society maintenance fee via the housing society,Rent,2150.00
Monthly apartment rent paid via NoBroker,Rent,21950.00
Metro card recharge for Namma Metro,Transport,330.00
Software subscription renewal for Microsoft 365,Utilities,4450.00
Camera purchased from Reliance Digital,Shopping,31900.00
Tiffin service from a nearby dhaba,Food,2550.00
House rent payment via the landlord,Rent,10150.00
Home security service fee via an alarm monitoring service,Utilities,1150.00
Traffic fine paid to the traffic police,Transport,1300.00
Jeans purchased from a local store,Shopping,4350.00
EMI payment for home loan via bank auto-debit,Rent,36900.00
Streaming device purchase (Chromecast),Entertainment,7350.00
Weekend getaway to Munnar,Travel,8250.00
Security deposit for flat via MagicBricks,Rent,41200.00
Subscription renewal for Amazon Prime,Entertainment,660.00
Coffee at Barista,Food,300.00
New jacket bought from Myntra,Shopping,4550.00
Backpack bought from a local store,Shopping,3900.00
Smartwatch purchased from Croma,Shopping,2250.00
Security deposit for flat via the landlord,Rent,15850.00
Monthly electricity bill from BESCOM,Utilities,1500.00
Internet bill from Airtel,Utilities,1050.00
Gas cylinder refill from Bharat Gas,Utilities,830.00
Rent paid to the landlord,Rent,8400.00
House rent payment via the landlord,Rent,22650.00
Toll charges on the highway,Transport,350.00
Gaming accessories bought from a local computer store,Shopping,7150.00
Music festival ticket for a local band show,Entertainment,7100.00
Lunch at the office cafeteria,Food,340.00
Lunch at KFC,Food,1250.00
Plumbing repair via an on-call technician,Utilities,700.00
Jeans purchased from Levi's,Shopping,3750.00
Rental deposit refund via UPI transfer,Rent,9150.00
Theatre tickets for a play,Entertainment,940.00
Kitchen appliance bought from Croma,Shopping,15050.00
Movie tickets at INOX,Entertainment,810.00
Mobile recharge for Airtel,Utilities,160.00
Train ticket booking via Indian Railways,Transport,1550.00
Hotel booking in Jaipur,Travel,10750.00
Lunch at McDonald's,Food,420.00
Metro card recharge for Namma Metro,Transport,220.00
Electrician service fee via an on-call technician,Utilities,730.00
Hostel stay in Rishikesh,Travel,1900.00
New jacket bought from Amazon,Shopping,3400.00
Furniture bought from Urban Ladder,Shopping,38350.00
Coffee at a local cafe,Food,390.00
Security deposit for flat via the landlord,Rent,18850.00
Delivery order from Domino's,Food,1150.00
Auto rickshaw fare via a local auto stand,Transport,140.00
T-shirt bought from a local store,Shopping,980.00
House rent payment via UPI transfer,Rent,21100.00
Late fee for rent payment via UPI transfer,Rent,440.00
Cab ride via Uber,Transport,300.00
Gaming purchase from Steam,Entertainment,2300.00
Kitchen appliance bought from Amazon,Shopping,9000.00
Rent paid to the landlord,Rent,23650.00
Theatre tickets for a play,Entertainment,1200.00
Insurance premium payment to ICICI Lombard,Utilities,13150.00
EMI payment for home loan via bank auto-debit,Rent,38100.00
Gaming purchase from PlayStation Store,Entertainment,4250.00
Music festival ticket for a weekend festival,Entertainment,4900.00
Train ticket booking via IRCTC,Transport,2150.00
Monthly apartment rent paid via NoBroker,Rent,15000.00
Museum entry at a heritage site,Entertainment,420.00
Society maintenance fee via the housing society,Rent,630.00
Monthly PG rent payment via UPI transfer,Rent,7900.00
Bike service at a bike workshop,Transport,1550.00
Fuel refill at IOC,Transport,4100.00
Streaming device purchase (Apple TV),Entertainment,2450.00
Metro card recharge for Delhi Metro,Transport,1350.00
Security deposit for flat via the landlord,Rent,35200.00
Books purchased from Crossword,Shopping,2000.00
House rent payment via UPI transfer,Rent,23650.00
Headphones purchased from Croma,Shopping,3400.00
Concert tickets for a music festival,Entertainment,6600.00
Juice and sandwich at a street stall,Food,360.00
Rental deposit refund via UPI transfer,Rent,22700.00
Metro card recharge for Namma Metro,Transport,200.00
Juice and sandwich at the office canteen,Food,200.00
Train journey to Delhi,Travel,2950.00
T-shirt bought from a local store,Shopping,370.00
Society maintenance paid via the housing society,Utilities,4900.00
Jeans purchased from Levi's,Shopping,2600.00
Toll charges on the expressway toll plaza,Transport,270.00
Theatre tickets for a musical,Entertainment,710.00
Camera purchased from Croma,Shopping,39300.00
Concert tickets for a rock concert,Entertainment,4500.00
Backpack bought from Amazon,Shopping,3950.00
Train ticket booking via IRCTC,Transport,1700.00
Backpack bought from a local store,Shopping,1450.00
Jeans purchased from Levi's,Shopping,4750.00
Late fee for rent payment via the landlord,Rent,1450.00
Mobile recharge for Jio,Utilities,1350.00
Car service at the local garage,Transport,9700.00
Gaming purchase from PlayStation Store,Entertainment,2750.00
Delivery order from Domino's,Food,280.00
Kitchen appliance bought from Croma,Shopping,19900.00
Coffee at a local cafe,Food,280.00
Subscription renewal for Amazon Prime,Entertainment,590.00
Monthly PG rent payment via the PG owner,Rent,12650.00
Rental deposit refund via bank transfer,Rent,22350.00
Traffic fine paid to the traffic police,Transport,730.00
Rental deposit refund via UPI transfer,Rent,18250.00
Car service at the local garage,Transport,3100.00
Monthly electricity bill from BESCOM,Utilities,2900.00
Toll charges on the highway,Transport,180.00
Late fee for rent payment via UPI transfer,Rent,970.00
Software subscription renewal for Microsoft 365,Utilities,2950.00
Dinner at a rooftop cafe,Food,2050.00
Homestay booking in Darjeeling,Travel,4700.00
Weekend getaway to Pondicherry,Travel,3700.00
Plumbing repair via an on-call technician,Utilities,340.00
Lunch at Subway,Food,980.00
New jacket bought from Myntra,Shopping,3200.00
Electrician service fee via a local electrician,Utilities,1200.00
Security deposit for flat via the landlord,Rent,59450.00
Ice cream from a street vendor,Food,390.00
Monthly apartment rent paid via NEFT payment,Rent,19350.00
Gaming purchase from PlayStation Store,Entertainment,2800.00
Trekking package to Uttarakhand,Travel,12750.00
Bike service at the service center,Transport,1550.00
Monthly electricity bill from BESCOM,Utilities,3950.00
Amusement park entry at Wonderla,Entertainment,1900.00
Flat maintenance charges via the building association,Rent,2450.00
Kitchen appliance bought from Croma,Shopping,17350.00
Gaming purchase from Xbox Store,Entertainment,2700.00
Hotel booking in Bangkok,Travel,11950.00
Theatre tickets for a musical,Entertainment,1300.00
Monthly electricity bill from the state electricity board,Utilities,700.00
Bike service at a bike workshop,Transport,320.00
Dinner at with colleagues,Food,3200.00
Kitchen appliance bought from Amazon,Shopping,15300.00
Jeans purchased from Myntra,Shopping,1950.00
Juice and sandwich at a street stall,Food,380.00
Gas cylinder refill from HP Gas,Utilities,940.00
Coffee at Starbucks,Food,120.00
Bus trip to Manali,Travel,2050.00
Theatre tickets for a play,Entertainment,390.00
EMI payment for home loan via bank auto-debit,Rent,20750.00
Monthly apartment rent paid via UPI transfer,Rent,11550.00
Security deposit for flat via NoBroker,Rent,35450.00
Ice cream from a street vendor,Food,270.00
Breakfast from Swiggy,Food,700.00
Water bill payment to the water board,Utilities,400.00
Furniture bought from a local showroom,Shopping,27050.00
Train ticket booking via Indian Railways,Transport,2450.00
Streaming device purchase (Chromecast),Entertainment,7400.00
Street food from a food truck,Food,290.00
Furniture bought from a local showroom,Shopping,21400.00
Museum entry at an art gallery,Entertainment,390.00
Amusement park entry at Essel World,Entertainment,1150.00
Tiffin service from the local vendor,Food,2250.00
Dinner at a local restaurant,Food,1900.00
Software subscription renewal for a cloud storage plan,Utilities,6550.00
Tyre replacement at the tyre shop,Transport,2600.00
Dinner at with colleagues,Food,740.00
Groceries from the neighborhood store,Food,820.00
Cab ride from airport in Bangkok,Travel,490.00
Movie tickets at the local theatre,Entertainment,1450.00
Train journey to Mumbai,Travel,1950.00
Hotel booking in Manali,Travel,5250.00
Rent paid to the landlord,Rent,22400.00
Bus trip to Pondicherry,Travel,2200.00
Plumbing repair via a local plumber,Utilities,650.00
Home security service fee via a security agency,Utilities,2500.00
Online course enrollment on Coursera,Entertainment,1450.00
Music festival ticket for a weekend festival,Entertainment,2500.00
Visa fee for Dubai trip,Travel,7700.00
Car service at the local garage,Transport,10050.00
Scooter rental via Bounce,Transport,410.00
Security deposit for flat via NoBroker,Rent,45500.00
Street food from a roadside stall,Food,160.00
Bus trip to Pondicherry,Travel,2150.00
Plumbing repair via an on-call technician,Utilities,550.00
Museum entry at an art gallery,Entertainment,520.00
Hostel stay in Rishikesh,Travel,880.00
Gas cylinder refill from HP Gas,Utilities,830.00
Software subscription renewal for Microsoft 365,Utilities,3500.00
Electrician service fee via an on-call technician,Utilities,1850.00
Homestay booking in Darjeeling,Travel,7150.00
Hostel stay in Rishikesh,Travel,610.00
Monthly apartment rent paid via NoBroker,Rent,18050.00
Coffee at Barista,Food,470.00
Security deposit for flat via the landlord,Rent,38550.00
Dinner at a hotel restaurant,Food,1450.00
Lunch at KFC,Food,200.00
Parking fee at the mall,Transport,230.00
Groceries from a supermarket,Food,340.00
EMI payment for home loan via bank auto-debit,Rent,29550.00
Smartwatch purchased from Amazon,Shopping,9300.00
Society maintenance paid via the housing society,Utilities,2350.00
Breakfast from a street cart,Food,420.00
Flight ticket to Bangkok,Travel,3650.00
House rent payment via UPI transfer,Rent,29500.00
Late fee for rent payment via UPI transfer,Rent,1500.00
Coffee at CCD,Food,490.00
Ferry ticket to Goa,Travel,430.00
Lunch at Subway,Food,1250.00
Museum entry at an art gallery,Entertainment,160.00
Monthly apartment rent paid via NEFT payment,Rent,18600.00
Bus trip to Pondicherry,Travel,1300.00
Trekking package to Himachal,Travel,26800.00
Bus trip to Coorg,Travel,2350.00
Train ticket booking via IRCTC,Transport,1050.00
New sneakers from Myntra,Shopping,5200.00
Cab ride via Ola,Transport,1500.00
T-shirt bought from a local store,Shopping,500.00
Delivery order from Domino's,Food,1200.00
Insurance premium payment to HDFC Ergo,Utilities,14850.00
Hotel booking in Jaipur,Travel,9050.00
Software subscription renewal for a cloud storage plan,Utilities,690.00
Monthly electricity bill from the state electricity board,Utilities,3000.00
Gaming purchase from PlayStation Store,Entertainment,540.00
Camera purchased from Reliance Digital,Shopping,38800.00
Late fee for rent payment via UPI transfer,Rent,950.00
Metro card recharge for Namma Metro,Transport,470.00
Dinner at Barista,Food,1550.00
Bus ticket booked via the state transport corporation,Transport,1050.00
Toll charges on the highway,Transport,430.00
Insurance premium payment to HDFC Ergo,Utilities,7950.00
Bus ticket booked via RedBus,Transport,580.00
Furniture bought from Urban Ladder,Shopping,22350.00
Monthly apartment rent paid via UPI transfer,Rent,21950.00
Concert tickets for a rock concert,Entertainment,1800.00
Flat maintenance charges via MagicBricks,Rent,1800.00
Plumbing repair via a local plumber,Utilities,1000.00
Headphones purchased from Amazon,Shopping,4650.00
Rent paid to the landlord,Rent,17400.00
Breakfast from a street cart,Food,120.00
Theatre tickets for a musical,Entertainment,1200.00
Theatre tickets for a stand-up comedy show,Entertainment,1000.00
Flight ticket to Singapore,Travel,4550.00
Society maintenance paid via the building association,Utilities,4450.00
Jeans purchased from Myntra,Shopping,3550.00
Coffee at a local cafe,Food,470.00
Online course enrollment on Coursera,Entertainment,4800.00
Society maintenance paid via the housing society,Utilities,1650.00
Backpack bought from Amazon,Shopping,1150.00
Society maintenance paid via the building association,Utilities,4800.00
Monthly PG rent payment via UPI transfer,Rent,7400.00
Weekend getaway to Rishikesh,Travel,9750.00
Headphones purchased from Croma,Shopping,3450.00
Cab ride from airport in Dubai,Travel,1100.00
Movie tickets at the local theatre,Entertainment,360.00
Monthly apartment rent paid via NEFT payment,Rent,20500.00
Subscription renewal for Hotstar,Entertainment,1250.00
Mobile recharge for BSNL,Utilities,950.00
New sneakers from Amazon,Shopping,7050.00
Traffic fine paid to the traffic police,Transport,230.00
Scooter rental via Yulu,Transport,570.00
Car service at the local garage,Transport,3850.00
Bike service at a bike workshop,Transport,1400.00
Ferry ticket to a nearby island,Travel,370.00
Mobile recharge for BSNL,Utilities,840.00
House rent payment via bank transfer,Rent,28800.00
House rent payment via bank transfer,Rent,23100.00
Delivery order from a local restaurant,Food,710.00
Insurance premium payment to ICICI Lombard,Utilities,7450.00
Hotel booking in Kerala,Travel,11950.00
Electrician service fee via a local electrician,Utilities,1000.00
Jeans purchased from Levi's,Shopping,3600.00
Jeans purchased from Myntra,Shopping,2250.00
Movie tickets at INOX,Entertainment,1100.00
Amusement park entry at Essel World,Entertainment,2350.00
Kitchen appliance bought from Amazon,Shopping,19150.00
DTH recharge for Dish TV,Utilities,650.00
Headphones purchased from Flipkart,Shopping,4600.00
Theatre tickets for a musical,Entertainment,1500.00
Backpack bought from a local store,Shopping,2850.00
Headphones purchased from Amazon,Shopping,990.00
Subscription renewal for Netflix,Entertainment,1150.00
Auto rickshaw fare via Uber,Transport,90.00
Cab ride from airport in Mumbai,Travel,570.00
Car service at the authorized service center,Transport,9650.00
Flight ticket to Mumbai,Travel,21850.00
DTH recharge for Tata Sky,Utilities,400.00
Rent paid to the property manager,Rent,14800.00
Cab ride from airport in Delhi,Travel,3100.00
Monthly PG rent payment via the PG owner,Rent,12100.00
Scooter rental via Rapido,Transport,610.00
Flat maintenance charges via MagicBricks,Rent,1300.00
Street food from a local vendor,Food,260.00
DTH recharge for Tata Sky,Utilities,490.00
Bike service at a bike workshop,Transport,1300.00
Amusement park entry at an adventure park,Entertainment,2300.00
Society maintenance fee via the housing society,Rent,2500.00
New jacket bought from Amazon,Shopping,5300.00
New jacket bought from Myntra,Shopping,2550.00
Electrician service fee via a local electrician,Utilities,590.00
Bus ticket booked via RedBus,Transport,670.00
Breakfast from a local bakery,Food,610.00
Museum entry at an art gallery,Entertainment,440.00
Gaming accessories bought from a local computer store,Shopping,1950.00
Traffic fine paid to the RTO,Transport,380.00
Gas cylinder refill from HP Gas,Utilities,730.00
Late fee for rent payment via the landlord,Rent,830.00
Society maintenance fee via the building association,Rent,2800.00
Toll charges on the expressway toll plaza,Transport,300.00
Movie tickets at PVR,Entertainment,930.00
Ice cream from Baskin Robbins,Food,250.00
Cab ride via Ola,Transport,2000.00
Internet bill from BSNL,Utilities,2350.00
Jeans purchased from Levi's,Shopping,2400.00
Homestay booking in Coorg,Travel,4900.00
Subscription renewal for Amazon Prime,Entertainment,1450.00
Theatre tickets for a musical,Entertainment,690.00
Furniture bought from a local showroom,Shopping,4750.00
Juice and sandwich at the local cafe,Food,120.00
Monthly PG rent payment via UPI transfer,Rent,14250.00
Movie tickets at the local theatre,Entertainment,540.00
Headphones purchased from Flipkart,Shopping,5450.00
Online course enrollment on Coursera,Entertainment,1200.00
Museum entry at an art gallery,Entertainment,140.00
Lunch at the college canteen,Food,870.00
Subscription renewal for Amazon Prime,Entertainment,960.00
Gas cylinder refill from Bharat Gas,Utilities,960.00
Subscription renewal for Netflix,Entertainment,830.00
Ferry ticket to Goa,Travel,1850.00
Online course enrollment on Udemy,Entertainment,1750.00
Gaming purchase from Steam,Entertainment,2600.00
Jeans purchased from Levi's,Shopping,3050.00
Monthly apartment rent paid via NoBroker,Rent,14150.00
Security deposit for flat via MagicBricks,Rent,52650.00
Theatre tickets for a stand-up comedy show,Entertainment,410.00
EMI payment for home loan via NEFT transfer,Rent,20950.00
Jeans purchased from a local store,Shopping,2300.00
Camera purchased from Amazon,Shopping,16950.00
Music festival ticket for a weekend festival,Entertainment,4400.00
Subscription renewal for Netflix,Entertainment,1350.00
Theatre tickets for a play,Entertainment,360.00
Theatre tickets for a play,Entertainment,510.00
Groceries from a supermarket,Food,2400.00
Internet bill from Airtel,Utilities,1500.00
Late fee for rent payment via the landlord,Rent,690.00
Amusement park entry at an adventure park,Entertainment,800.00
Jeans purchased from Myntra,Shopping,1800.00
DTH recharge for Dish TV,Utilities,420.00
Gaming accessories bought from a local computer store,Shopping,5550.00
Society maintenance paid via the housing society,Utilities,4550.00
Subscription renewal for Spotify,Entertainment,860.00
Cab ride from airport in Bangkok,Travel,1050.00
Online course enrollment on Udemy,Entertainment,3900.00
Internet bill from Airtel,Utilities,1250.00
Bike service at a bike workshop,Transport,340.00
Concert tickets for a live show,Entertainment,2150.00
Camera purchased from Croma,Shopping,37600.00
New jacket bought from Amazon,Shopping,3000.00
Bus trip to Pondicherry,Travel,960.00
Ferry ticket to Goa,Travel,1200.00
Juice and sandwich at a street stall,Food,180.00
Software subscription renewal for Microsoft 365,Utilities,6100.00
Smartwatch purchased from Flipkart,Shopping,18850.00
Train journey to Jaipur,Travel,1200.00
Hotel booking in Jaipur,Travel,14750.00
Coffee at a local cafe,Food,380.00
Gaming accessories bought from Flipkart,Shopping,4400.00
House rent payment via UPI transfer,Rent,27350.00
Train ticket booking via Indian Railways,Transport,2350.00
Water bill payment to the municipal corporation,Utilities,920.00
New sneakers from Amazon,Shopping,4750.00
Rental deposit refund via UPI transfer,Rent,7750.00
Theatre tickets for a play,Entertainment,640.00
Museum entry at an art gallery,Entertainment,420.00
Trekking package to Ladakh,Travel,26350.00
Insurance premium payment to LIC,Utilities,11950.00
Rent paid to the property manager,Rent,11250.00
Furniture bought from Pepperfry,Shopping,19700.00
Jeans purchased from Myntra,Shopping,4050.00
Software subscription renewal for Microsoft 365,Utilities,7550.00
Groceries from BigBasket,Food,620.00
New jacket bought from a local store,Shopping,4600.00
Rent paid to the property manager,Rent,9150.00
Rent paid to the property manager,Rent,8700.00
Parking fee at the mall,Transport,200.00
Tiffin service from a nearby dhaba,Food,2050.00
Jeans purchased from Levi's,Shopping,4500.00
Streaming device purchase (Apple TV),Entertainment,4950.00
Internet bill from ACT Fibernet,Utilities,1350.00
DTH recharge for Airtel Digital TV,Utilities,320.00
Metro card recharge for Delhi Metro,Transport,660.00
Kitchen appliance bought from Reliance Digital,Shopping,6650.00
Gas cylinder refill from Indane,Utilities,830.00
Gaming purchase from Steam,Entertainment,4000.00
Camera purchased from Reliance Digital,Shopping,53400.00
Headphones purchased from Amazon,Shopping,820.00
Juice and sandwich at the local cafe,Food,210.00
Society maintenance paid via the housing society,Utilities,1950.00
T-shirt bought from Myntra,Shopping,920.00
Smartwatch purchased from Amazon,Shopping,14950.00
Smartwatch purchased from Croma,Shopping,13950.00
Books purchased from Amazon,Shopping,440.00
Monthly electricity bill from the state electricity board,Utilities,4100.00
Hostel stay in Rishikesh,Travel,770.00
Rental deposit refund via bank transfer,Rent,6000.00
House rent payment via bank transfer,Rent,14500.00
Ferry ticket to Andaman,Travel,290.00
Theatre tickets for a musical,Entertainment,900.00
Monthly electricity bill from the state electricity board,Utilities,4750.00
Smartwatch purchased from Flipkart,Shopping,13100.00
Plumbing repair via an on-call technician,Utilities,530.00
Hotel booking in Bangkok,Travel,14900.00
Amusement park entry at Wonderla,Entertainment,1050.00
Traffic fine paid to the traffic police,Transport,700.00
Trekking package to Uttarakhand,Travel,29700.00
Lunch at KFC,Food,1400.00
Parking fee at the multiplex,Transport,330.00
Smartwatch purchased from Amazon,Shopping,6450.00
Auto rickshaw fare via Uber,Transport,260.00
Subscription renewal for Spotify,Entertainment,740.00
Home security service fee via a security agency,Utilities,510.00
Society maintenance fee via the building association,Rent,1950.00
Jeans purchased from Levi's,Shopping,2750.00
Lunch at the college canteen,Food,830.00
Gaming purchase from Xbox Store,Entertainment,1750.00
Hotel booking in Jaipur,Travel,3550.00
Train journey to Jaipur,Travel,1800.00
EMI payment for home loan via NEFT transfer,Rent,30500.00
Scooter rental via Yulu,Transport,440.00
T-shirt bought from Amazon,Shopping,1100.00
Insurance premium payment to LIC,Utilities,8700.00
Delivery order from Domino's,Food,1000.00
Mobile recharge for BSNL,Utilities,200.00
Tyre replacement at the tyre shop,Transport,3450.00
Jeans purchased from Myntra,Shopping,2100.00
Car service at the authorized service center,Transport,9550.00
EMI payment for home loan via NEFT transfer,Rent,38250.00
Flight ticket to Singapore,Travel,5650.00
Amusement park entry at Essel World,Entertainment,1350.00
Cab ride via Uber,Transport,250.00
Hotel booking in Manali,Travel,8450.00
Bike service at a bike workshop,Transport,430.00
Juice and sandwich at a street stall,Food,240.00
Tyre replacement at the local garage,Transport,5000.00
Software subscription renewal for Adobe,Utilities,2000.00
Insurance premium payment to LIC,Utilities,10650.00
Dinner at Barista,Food,650.00
Bus trip to Manali,Travel,2300.00
Internet bill from Airtel,Utilities,860.00
House rent payment via bank transfer,Rent,15350.00
Gaming accessories bought from Flipkart,Shopping,1800.00
Concert tickets for a rock concert,Entertainment,6750.00
Bus ticket booked via RedBus,Transport,180.00
Rental deposit refund via bank transfer,Rent,6350.00
DTH recharge for Airtel Digital TV,Utilities,330.00
Lunch at Subway,Food,240.00
Rental deposit refund via UPI transfer,Rent,22100.00
Flat maintenance charges via MagicBricks,Rent,1350.00
Theatre tickets for a play,Entertainment,620.00
Trekking package to Uttarakhand,Travel,6400.00
Hotel booking in Jaipur,Travel,7350.00
Flight ticket to Singapore,Travel,12700.00
Movie tickets at the local theatre,Entertainment,560.00
Metro card recharge for Namma Metro,Transport,450.00
Coffee at Starbucks,Food,380.00
Coffee at Barista,Food,120.00
Water bill payment to the municipal corporation,Utilities,1100.00
Weekend getaway to Rishikesh,Travel,16650.00
Homestay booking in Coorg,Travel,7200.00
Cab ride from airport in Mumbai,Travel,1500.00
Traffic fine paid to the RTO,Transport,630.00
Car service at the local garage,Transport,3650.00
Music festival ticket for a weekend festival,Entertainment,2850.00
Water bill payment to the water board,Utilities,450.00
Subscription renewal for Amazon Prime,Entertainment,1250.00
Visa fee for Singapore trip,Travel,2200.00
Street food from a food truck,Food,270.00
Bus trip to Coorg,Travel,530.00
Monthly apartment rent paid via NEFT payment,Rent,11100.00
Homestay booking in Coorg,Travel,4750.00
Theatre tickets for a play,Entertainment,1000.00
Tiffin service from a home cook,Food,2400.00
Coffee at Barista,Food,370.00
Books purchased from Crossword,Shopping,1450.00
Gaming accessories bought from Amazon,Shopping,6400.00
Headphones purchased from Flipkart,Shopping,2650.00
Hostel stay in Jaipur,Travel,1550.00
Books purchased from Amazon,Shopping,680.00
Groceries from BigBasket,Food,2550.00
Society maintenance paid via the building association,Utilities,2000.00
EMI payment for home loan via NEFT transfer,Rent,21700.00
Camera purchased from Amazon,Shopping,55650.00
Insurance premium payment to LIC,Utilities,2850.00
Camera purchased from Croma,Shopping,23600.00
T-shirt bought from a local store,Shopping,920.00
Ferry ticket to Andaman,Travel,230.00
Home security service fee via an alarm monitoring service,Utilities,1600.00
Gaming purchase from Steam,Entertainment,3300.00
Scooter rental via Bounce,Transport,130.00
Cab ride from airport in Bangkok,Travel,1450.00
Plumbing repair via a local plumber,Utilities,1100.00
Coffee at Barista,Food,480.00
Tyre replacement at the local garage,Transport,6350.00
Music festival ticket for a weekend festival,Entertainment,3350.00
Internet bill from Jio,Utilities,1100.00
Metro card recharge for Delhi Metro,Transport,1400.00
Car service at the local garage,Transport,2900.00
EMI payment for home loan via bank auto-debit,Rent,28300.00
Concert tickets for a music festival,Entertainment,2950.00
EMI payment for home loan via NEFT transfer,Rent,22950.00
Backpack bought from a local store,Shopping,1000.00
Hotel booking in Udaipur,Travel,11650.00
Ferry ticket to Goa,Travel,650.00
Flight ticket to Bangkok,Travel,11250.00
Rental deposit refund via bank transfer,Rent,9800.00
Online course enrollment on an online learning platform,Entertainment,4100.00
Scooter rental via Rapido,Transport,120.00
Traffic fine paid to the RTO,Transport,740.00
Monthly PG rent payment via the PG owner,Rent,9400.00
Monthly PG rent payment via UPI transfer,Rent,10200.00
EMI payment for home loan via bank auto-debit,Rent,37350.00
Theatre tickets for a musical,Entertainment,730.00
Cab ride from airport in Bangkok,Travel,1500.00
Plumbing repair via a local plumber,Utilities,560.00
Electrician service fee via a local electrician,Utilities,1550.00
Train ticket booking via Indian Railways,Transport,2000.00
Streaming device purchase (Chromecast),Entertainment,3900.00
Backpack bought from a local store,Shopping,3350.00
New sneakers from a local store,Shopping,4500.00
Water bill payment to the municipal corporation,Utilities,770.00
Gas cylinder refill from Bharat Gas,Utilities,980.00
Music festival ticket for a local band show,Entertainment,6500.00
Breakfast from a local bakery,Food,140.00
Ferry ticket to a nearby island,Travel,1150.00
Flat maintenance charges via the building association,Rent,2200.00
Coffee at a local cafe,Food,480.00
Hostel stay in Goa,Travel,590.00
Jeans purchased from a local store,Shopping,1850.00
Flight ticket to Delhi,Travel,9600.00
Movie tickets at the local theatre,Entertainment,1100.00
Auto rickshaw fare via Uber,Transport,110.00
Tiffin service from a home cook,Food,1650.00
Dinner at a hotel restaurant,Food,2400.00
Security deposit for flat via MagicBricks,Rent,17200.00
Backpack bought from a local store,Shopping,1900.00
Lunch at a food court,Food,390.00
Gaming purchase from Steam,Entertainment,630.00
Camera purchased from Reliance Digital,Shopping,50900.00
Cab ride via Ola,Transport,260.00
Cab ride via Uber,Transport,200.00
Train ticket booking via Indian Railways,Transport,2150.00
Groceries from a supermarket,Food,3900.00
Car service at the local garage,Transport,9750.00
Visa fee for Dubai trip,Travel,4400.00
Lunch at the office cafeteria,Food,940.00
Tiffin service from a nearby dhaba,Food,2800.00
Tyre replacement at the tyre shop,Transport,6800.00
Late fee for rent payment via UPI transfer,Rent,860.00
Mobile recharge for Airtel,Utilities,1150.00
T-shirt bought from a local store,Shopping,1100.00
Gaming purchase from Steam,Entertainment,2800.00
Amusement park entry at Essel World,Entertainment,2100.00
Hostel stay in Goa,Travel,1900.00
Fuel refill at HP petrol pump,Transport,760.00
Streaming device purchase (Firestick),Entertainment,6050.00
Car service at the local garage,Transport,3000.00
Rental deposit refund via UPI transfer,Rent,7050.00
Rental deposit refund via UPI transfer,Rent,21800.00
Society maintenance fee via the building association,Rent,700.00
Late fee for rent payment via UPI transfer,Rent,1000.00
Weekend getaway to Rishikesh,Travel,14700.00
Plumbing repair via an on-call technician,Utilities,1250.00
EMI payment for home loan via NEFT transfer,Rent,10550.00
Parking fee at the mall,Transport,370.00
Cab ride via Ola,Transport,970.00
Kitchen appliance bought from Reliance Digital,Shopping,8350.00
Concert tickets for a music festival,Entertainment,1200.00
Cab ride via Uber,Transport,2400.00
Monthly electricity bill from BESCOM,Utilities,5950.00
Gaming purchase from Xbox Store,Entertainment,3500.00
Books purchased from Amazon,Shopping,510.00
Rental deposit refund via UPI transfer,Rent,6100.00
Delivery order from a local restaurant,Food,850.00
Weekend getaway to Pondicherry,Travel,5000.00
Train ticket booking via Indian Railways,Transport,1500.00
Bus ticket booked via the state transport corporation,Transport,750.00
Backpack bought from Amazon,Shopping,2300.00
Delivery order from Zomato,Food,1050.00
Trekking package to Himachal,Travel,10250.00
Mobile recharge for Vodafone,Utilities,860.00
Groceries from BigBasket,Food,2400.00
Home security service fee via an alarm monitoring service,Utilities,690.00
Train journey to Kerala,Travel,2150.00
Plumbing repair via a local plumber,Utilities,630.00
Coffee at a local cafe,Food,120.00
Breakfast from Zomato,Food,410.00
Breakfast from Swiggy,Food,420.00
Internet bill from Jio,Utilities,860.00
Smartwatch purchased from Flipkart,Shopping,16100.00
Books purchased from a local bookstore,Shopping,1350.00
Hotel booking in Kerala,Travel,2600.00
Train journey to Kerala,Travel,1900.00
Delivery order from Swiggy,Food,340.00
Water bill payment to the water board,Utilities,1150.00
Monthly PG rent payment via UPI transfer,Rent,6300.00
Headphones purchased from Flipkart,Shopping,1600.00
Concert tickets for a live show,Entertainment,6650.00
Lunch at KFC,Food,960.00
Flight ticket to Bangkok,Travel,14800.00
Rent paid to the landlord,Rent,9950.00
Streaming device purchase (Chromecast),Entertainment,6300.00
Monthly apartment rent paid via UPI transfer,Rent,23950.00
Monthly electricity bill from BESCOM,Utilities,2850.00
Jeans purchased from a local store,Shopping,2050.00
Coffee at Barista,Food,390.00
Late fee for rent payment via UPI transfer,Rent,1200.00
Flat maintenance charges via the building association,Rent,2000.00
Headphones purchased from Croma,Shopping,920.00
Bus ticket booked via RedBus,Transport,1000.00
Gaming purchase from Xbox Store,Entertainment,3000.00
Metro card recharge for BMRCL,Transport,1450.00
Water bill payment to the municipal corporation,Utilities,490.00
Cab ride from airport in Dubai,Travel,2300.00
Weekend getaway to Munnar,Travel,16000.00
Music festival ticket for a local band show,Entertainment,3150.00
Headphones purchased from Croma,Shopping,2650.00
Trekking package to Uttarakhand,Travel,26850.00
Ice cream from Baskin Robbins,Food,360.00
Late fee for rent payment via the landlord,Rent,540.00
Museum entry at a heritage site,Entertainment,300.00
Smartwatch purchased from Croma,Shopping,12700.00
Smartwatch purchased from Croma,Shopping,14500.00
Monthly apartment rent paid via NoBroker,Rent,15150.00
Subscription renewal for Spotify,Entertainment,650.00
Gas cylinder refill from HP Gas,Utilities,1000.00
Mobile recharge for Vodafone,Utilities,300.00
Insurance premium payment to HDFC Ergo,Utilities,8400.00
Rent paid to the landlord,Rent,10350.00
Toll charges on the highway,Transport,230.00
Delivery order from Zomato,Food,820.00
Rent paid to the landlord,Rent,14350.00
Society maintenance paid via the housing society,Utilities,2300.00
Movie tickets at PVR,Entertainment,410.00
Train journey to Mumbai,Travel,1350.00
Plumbing repair via a local plumber,Utilities,670.00
Juice and sandwich at the local cafe,Food,130.00
Cab ride via Uber,Transport,480.00
Plumbing repair via an on-call technician,Utilities,900.00
Online course enrollment on Udemy,Entertainment,840.00
Bus ticket booked via RedBus,Transport,120.00
Hotel booking in Manali,Travel,11550.00
Groceries from a local vendor,Food,300.00
Subscription renewal for Netflix,Entertainment,630.00
Gas cylinder refill from HP Gas,Utilities,1100.00
Gas cylinder refill from Bharat Gas,Utilities,930.00
Concert tickets for a rock concert,Entertainment,1650.00
Coffee at Starbucks,Food,100.00
Visa fee for Dubai trip,Travel,5150.00
Tiffin service from a home cook,Food,2500.00
Trekking package to Uttarakhand,Travel,25200.00
Society maintenance paid via the housing society,Utilities,2700.00
Delivery order from Domino's,Food,1450.00
Society maintenance paid via the building association,Utilities,2350.00
Coffee at a local cafe,Food,330.00
House rent payment via UPI transfer,Rent,19750.00
Smartwatch purchased from Flipkart,Shopping,6700.00
Dinner at CCD,Food,2150.00
Flight ticket to Dubai,Travel,10350.00
Kitchen appliance bought from Croma,Shopping,2700.00
Delivery order from a local restaurant,Food,280.00
Hotel booking in Manali,Travel,14450.00
Security deposit for flat via MagicBricks,Rent,58400.00
Cab ride via Ola,Transport,2150.00
Monthly apartment rent paid via NoBroker,Rent,21200.00
Juice and sandwich at a street stall,Food,110.00
Insurance premium payment to LIC,Utilities,8100.00
Security deposit for flat via the landlord,Rent,23550.00
Books purchased from Amazon,Shopping,380.00
Delivery order from Domino's,Food,920.00
Breakfast from CCD,Food,450.00
Hotel booking in Manali,Travel,13400.00
Fuel refill at HP petrol pump,Transport,710.00
Trekking package to Ladakh,Travel,22700.00
Auto rickshaw fare via Uber,Transport,180.00
Cab ride from airport in Delhi,Travel,3250.00
Movie tickets at PVR,Entertainment,620.00
Society maintenance paid via the building association,Utilities,3650.00
Amusement park entry at Wonderla,Entertainment,810.00
Theatre tickets for a stand-up comedy show,Entertainment,380.00
Ferry ticket to Andaman,Travel,1200.00
Kitchen appliance bought from Amazon,Shopping,6600.00
Homestay booking in Munnar,Travel,4000.00
Parking fee at the multiplex,Transport,480.00
Electrician service fee via an on-call technician,Utilities,1450.00
Train ticket booking via IRCTC,Transport,2700.00
Visa fee for Dubai trip,Travel,8900.00
Flight ticket to Delhi,Travel,9200.00
Flat maintenance charges via MagicBricks,Rent,2700.00
Lunch at a local dhaba,Food,1250.00
Plumbing repair via a local plumber,Utilities,1200.00
Monthly electricity bill from the state electricity board,Utilities,1350.00
Headphones purchased from Amazon,Shopping,5800.00
DTH recharge for Airtel Digital TV,Utilities,240.00
New jacket bought from Amazon,Shopping,2150.00
Museum entry at an art gallery,Entertainment,210.00
Flight ticket to Goa,Travel,11100.00
Software subscription renewal for Adobe,Utilities,7700.00
Breakfast from Zomato,Food,240.00
Traffic fine paid to the traffic police,Transport,220.00
Concert tickets for a rock concert,Entertainment,1400.00
Streaming device purchase (Chromecast),Entertainment,4750.00
Museum entry at a city museum,Entertainment,290.00
Flat maintenance charges via MagicBricks,Rent,1850.00
Jeans purchased from Myntra,Shopping,1700.00
Hostel stay in Jaipur,Travel,2050.00
Furniture bought from a local showroom,Shopping,5800.00
Bus ticket booked via BMTC,Transport,1150.00
Flat maintenance charges via the building association,Rent,510.00
Gas cylinder refill from Indane,Utilities,1150.00
Late fee for rent payment via the landlord,Rent,520.00
Bus ticket booked via the state transport corporation,Transport,730.00
Society maintenance paid via the housing society,Utilities,2100.00
Juice and sandwich at the local cafe,Food,340.00
Furniture bought from Pepperfry,Shopping,44250.00
Ice cream from a local parlour,Food,190.00
Software subscription renewal for Microsoft 365,Utilities,5450.00
Scooter rental via Bounce,Transport,480.00
Security deposit for flat via MagicBricks,Rent,45350.00
Insurance premium payment to LIC,Utilities,11700.00
Kitchen appliance bought from Amazon,Shopping,9900.00
Rental deposit refund via bank transfer,Rent,21750.00
Online course enrollment on Udemy,Entertainment,1950.00
Movie tickets at the local theatre,Entertainment,490.00
Security deposit for flat via the landlord,Rent,35300.00
Hotel booking in Bangkok,Travel,3850.00
Streaming device purchase (Chromecast),Entertainment,5750.00
Camera purchased from Croma,Shopping,56900.00
Software subscription renewal for Microsoft 365,Utilities,2450.00
Weekend getaway to Munnar,Travel,12550.00
Smartwatch purchased from Croma,Shopping,17050.00
Ice cream from a street vendor,Food,90.00
Toll charges on the expressway toll plaza,Transport,120.00
Traffic fine paid to the RTO,Transport,290.00
Delivery order from a local restaurant,Food,480.00
Society maintenance fee via the building association,Rent,720.00
Train ticket booking via Indian Railways,Transport,2250.00
Electrician service fee via a local electrician,Utilities,430.00
Internet bill from Airtel,Utilities,1850.00
Ice cream from a local parlour,Food,210.00
Movie tickets at the local theatre,Entertainment,240.00
Scooter rental via Rapido,Transport,800.00
Dinner at a hotel restaurant,Food,3000.00
Rent paid to the landlord,Rent,22750.00
Scooter rental via Bounce,Transport,710.00
Music festival ticket for a weekend festival,Entertainment,5100.00
Visa fee for Europe trip,Travel,5450.00
Ferry ticket to Goa,Travel,960.00
Groceries from a local vendor,Food,1050.00
Visa fee for Thailand trip,Travel,2800.00
New jacket bought from Amazon,Shopping,4650.00
Rental deposit refund via UPI transfer,Rent,25050.00
Home security service fee via an alarm monitoring service,Utilities,2100.00
New jacket bought from Amazon,Shopping,2900.00
Hostel stay in Jaipur,Travel,1600.00
Visa fee for Europe trip,Travel,2250.00
Insurance premium payment to HDFC Ergo,Utilities,9200.00
Gas cylinder refill from HP Gas,Utilities,880.00
Gaming accessories bought from Amazon,Shopping,7900.00
Rental deposit refund via bank transfer,Rent,14550.00
Music festival ticket for a weekend festival,Entertainment,3750.00
Cab ride via Ola,Transport,2050.00
Train ticket booking via IRCTC,Transport,430.00
Metro card recharge for BMRCL,Transport,1200.00
Backpack bought from Amazon,Shopping,3350.00
Flat maintenance charges via the building association,Rent,1100.00
T-shirt bought from a local store,Shopping,310.00
Flat maintenance charges via MagicBricks,Rent,590.00
Furniture bought from Pepperfry,Shopping,40200.00
Bus trip to Goa,Travel,1650.00
Monthly apartment rent paid via NEFT payment,Rent,13500.00
Dinner at a Chinese restaurant,Food,2900.00
Home security service fee via an alarm monitoring service,Utilities,2450.00
Books purchased from Amazon,Shopping,820.00
DTH recharge for Dish TV,Utilities,390.00
Bus trip to Goa,Travel,1550.00
Bus ticket booked via RedBus,Transport,130.00
Mobile recharge for Airtel,Utilities,380.00
Theatre tickets for a musical,Entertainment,1400.00
Bus trip to Pondicherry,Travel,1750.00
Bus ticket booked via the state transport corporation,Transport,660.00
Electrician service fee via a local electrician,Utilities,600.00
Trekking package to Ladakh,Travel,22300.00
Books purchased from a local bookstore,Shopping,1400.00
Cab ride via Uber,Transport,1150.00
Kitchen appliance bought from Reliance Digital,Shopping,14250.00
New jacket bought from Amazon,Shopping,2100.00
Trekking package to Uttarakhand,Travel,11350.00
Rent paid to the landlord,Rent,15350.00
Metro card recharge for Namma Metro,Transport,500.00
Mobile recharge for Airtel,Utilities,500.00
Electrician service fee via a local electrician,Utilities,570.00
Breakfast from CCD,Food,350.00
DTH recharge for Tata Sky,Utilities,660.00
Flight ticket to Delhi,Travel,10300.00
Homestay booking in Coorg,Travel,7050.00
Monthly apartment rent paid via UPI transfer,Rent,22850.00
Dinner at a hotel restaurant,Food,2200.00
Books purchased from Crossword,Shopping,1850.00
Headphones purchased from Amazon,Shopping,4550.00
Headphones purchased from Amazon,Shopping,2700.00
Coffee at CCD,Food,260.00
Smartwatch purchased from Amazon,Shopping,4250.00
Gaming purchase from PlayStation Store,Entertainment,4200.00
Late fee for rent payment via UPI transfer,Rent,310.00
Concert tickets for a music festival,Entertainment,5700.00
Bike service at a bike workshop,Transport,1150.00
Internet bill from Jio,Utilities,650.00
Monthly electricity bill from BESCOM,Utilities,1150.00
Weekend getaway to Munnar,Travel,13950.00
Water bill payment to the municipal corporation,Utilities,820.00
Delivery order from Swiggy,Food,180.00
Trekking package to Uttarakhand,Travel,11400.00
Bike service at the service center,Transport,950.00
Lunch at Burger King,Food,1450.00
Theatre tickets for a musical,Entertainment,460.00
Security deposit for flat via the landlord,Rent,58800.00
Street food from a local vendor,Food,290.00
Software subscription renewal for Adobe,Utilities,6150.00
Tiffin service from a home cook,Food,2550.00
Online course enrollment on Coursera,Entertainment,4750.00
Mobile recharge for Airtel,Utilities,200.00
EMI payment for home loan via bank auto-debit,Rent,37650.00
DTH recharge for Tata Sky,Utilities,700.00
Insurance premium payment to HDFC Ergo,Utilities,3200.00
Kitchen appliance bought from Reliance Digital,Shopping,9700.00
Weekend getaway to Pondicherry,Travel,6800.00
Gaming purchase from Steam,Entertainment,4850.00
Museum entry at a heritage site,Entertainment,170.00
Gas cylinder refill from Bharat Gas,Utilities,860.00
Amusement park entry at Essel World,Entertainment,1450.00
Streaming device purchase (Chromecast),Entertainment,6950.00
Subscription renewal for Hotstar,Entertainment,560.00
Parking fee at the mall,Transport,100.00
Delivery order from Swiggy,Food,570.00
Monthly PG rent payment via the PG owner,Rent,12550.00
Parking fee at the multiplex,Transport,150.00
Rental deposit refund via bank transfer,Rent,21600.00
Books purchased from a local bookstore,Shopping,1250.00
Gaming purchase from Steam,Entertainment,4900.00
Metro card recharge for Delhi Metro,Transport,150.00
Monthly PG rent payment via UPI transfer,Rent,12050.00
Rental deposit refund via bank transfer,Rent,9100.00
Rental deposit refund via UPI transfer,Rent,26000.00
Ice cream from Baskin Robbins,Food,60.00
Car service at the local garage,Transport,7450.00
Hostel stay in Jaipur,Travel,530.00
Gas cylinder refill from Indane,Utilities,1200.00
Lunch at a food court,Food,890.00
New sneakers from Amazon,Shopping,7000.00
House rent payment via bank transfer,Rent,27750.00
T-shirt bought from a local store,Shopping,510.00
Society maintenance paid via the housing society,Utilities,2550.00
Music festival ticket for a local band show,Entertainment,3900.00
Internet bill from Jio,Utilities,1550.00
Home security service fee via a security agency,Utilities,1850.00
Backpack bought from a local store,Shopping,2300.00
Camera purchased from Amazon,Shopping,58950.00
Rental deposit refund via bank transfer,Rent,11600.00
Flat maintenance charges via MagicBricks,Rent,540.00
Headphones purchased from Flipkart,Shopping,1200.00
Coffee at CCD,Food,220.00
Software subscription renewal for Microsoft 365,Utilities,1650.00
Headphones purchased from Croma,Shopping,3850.00
Auto rickshaw fare via Uber,Transport,130.00
Homestay booking in Darjeeling,Travel,4250.00
Museum entry at a heritage site,Entertainment,150.00
Ice cream from a local parlour,Food,130.00
Smartwatch purchased from Croma,Shopping,17100.00
Subscription renewal for Netflix,Entertainment,820.00
Cab ride via Uber,Transport,850.00
Metro card recharge for Delhi Metro,Transport,1250.00
Bus trip to Pondicherry,Travel,920.00
Ice cream from a street vendor,Food,140.00
Car service at the authorized service center,Transport,8350.00
Coffee at Barista,Food,320.00
Street food from a local vendor,Food,300.00
Flight ticket to Bangkok,Travel,11800.00
Bus trip to Manali,Travel,890.00
Subscription renewal for Spotify,Entertainment,710.00
Late fee for rent payment via the landlord,Rent,970.00
Coffee at Starbucks,Food,230.00
Dinner at with colleagues,Food,2500.00
Lunch at McDonald's,Food,550.00
Trekking package to Himachal,Travel,25400.00
T-shirt bought from a local store,Shopping,860.00
Flat maintenance charges via the building association,Rent,660.00
Streaming device purchase (Firestick),Entertainment,4450.00
Subscription renewal for Netflix,Entertainment,1200.00
Juice and sandwich at a street stall,Food,310.00
Flight ticket to Mumbai,Travel,24900.00
Smartwatch purchased from Amazon,Shopping,15500.00
Home security service fee via a security agency,Utilities,2050.00
Amusement park entry at Essel World,Entertainment,600.00
New jacket bought from Amazon,Shopping,1850.00
EMI payment for home loan via bank auto-debit,Rent,11600.00
Lunch at Domino's,Food,110.00
Smartwatch purchased from Amazon,Shopping,18850.00
Camera purchased from Croma,Shopping,24450.00
Smartwatch purchased from Amazon,Shopping,8500.00
Monthly apartment rent paid via UPI transfer,Rent,11800.00
Flat maintenance charges via MagicBricks,Rent,1400.00
Rental deposit refund via UPI transfer,Rent,20600.00
Visa fee for Europe trip,Travel,8050.00
Smartwatch purchased from Flipkart,Shopping,9700.00
Insurance premium payment to HDFC Ergo,Utilities,12650.00
Kitchen appliance bought from Reliance Digital,Shopping,7600.00
Backpack bought from Amazon,Shopping,2000.00
Monthly electricity bill from BESCOM,Utilities,3250.00
Rent paid to the property manager,Rent,12250.00
Fuel refill at IOC,Transport,2950.00
Gas cylinder refill from Bharat Gas,Utilities,890.00
Parking fee at the mall,Transport,280.00
Backpack bought from Amazon,Shopping,1750.00
Flat maintenance charges via MagicBricks,Rent,2950.00
Street food from a roadside stall,Food,190.00
Streaming device purchase (Firestick),Entertainment,4750.00
Flat maintenance charges via the building association,Rent,1600.00
Jeans purchased from Myntra,Shopping,4650.00
Fuel refill at a local fuel station,Transport,1900.00
Traffic fine paid to the traffic police,Transport,1350.00
Gaming purchase from PlayStation Store,Entertainment,4000.00
Breakfast from Swiggy,Food,400.00
Toll charges on the highway,Transport,280.00
Lunch at KFC,Food,280.00
Internet bill from BSNL,Utilities,2250.00
Water bill payment to the municipal corporation,Utilities,850.00
Monthly PG rent payment via UPI transfer,Rent,12350.00
Software subscription renewal for Adobe,Utilities,530.00
Gaming purchase from Steam,Entertainment,4650.00
Lunch at a local dhaba,Food,120.00
Breakfast from Zomato,Food,230.00
Scooter rental via Bounce,Transport,440.00
Train journey to Mumbai,Travel,2200.00
Museum entry at a city museum,Entertainment,180.00
New jacket bought from Myntra,Shopping,3400.00
Electrician service fee via a local electrician,Utilities,1900.00
Parking fee at the multiplex,Transport,70.00
Coffee at Barista,Food,360.00
Hostel stay in Rishikesh,Travel,2400.00
Home security service fee via an alarm monitoring service,Utilities,830.00
Car service at the authorized service center,Transport,4150.00
Traffic fine paid to the RTO,Transport,680.00
Fuel refill at a local fuel station,Transport,3300.00
House rent payment via UPI transfer,Rent,29200.00
Flat maintenance charges via the building association,Rent,2100.00
Smartwatch purchased from Amazon,Shopping,9650.00
Electrician service fee via a local electrician,Utilities,650.00
Scooter rental via Bounce,Transport,510.00
Furniture bought from Urban Ladder,Shopping,33500.00
Kitchen appliance bought from Amazon,Shopping,5900.00
Backpack bought from Decathlon,Shopping,2250.00
Internet bill from Jio,Utilities,2400.00
Online course enrollment on an online learning platform,Entertainment,3000.00
Late fee for rent payment via the landlord,Rent,280.00
Furniture bought from Urban Ladder,Shopping,4450.00
Dinner at a local restaurant,Food,2600.00
Flight ticket to Dubai,Travel,23300.00
Online course enrollment on Coursera,Entertainment,1750.00
Security deposit for flat via the landlord,Rent,20000.00
EMI payment for home loan via NEFT transfer,Rent,12600.00
Monthly electricity bill from the state electricity board,Utilities,4400.00
Software subscription renewal for a cloud storage plan,Utilities,4450.00
Amusement park entry at an adventure park,Entertainment,530.00
Bike service at the local garage,Transport,1050.00
Smartwatch purchased from Amazon,Shopping,7300.00
Ferry ticket to Andaman,Travel,380.00
Camera purchased from Reliance Digital,Shopping,48500.00
Backpack bought from Decathlon,Shopping,2800.00
Delivery order from Swiggy,Food,810.00
Ferry ticket to a nearby island,Travel,470.00
Mobile recharge for Jio,Utilities,870.00
Ice cream from Baskin Robbins,Food,180.00
Train ticket booking via IRCTC,Transport,260.00
Street food from a roadside stall,Food,240.00
Juice and sandwich at the local cafe,Food,400.00
Train ticket booking via Indian Railways,Transport,990.00
Museum entry at an art gallery,Entertainment,530.00
Movie tickets at PVR,Entertainment,1400.00
Bus ticket booked via the state transport corporation,Transport,580.00
Rent paid to the property manager,Rent,23200.00
Bike service at the local garage,Transport,420.00
Groceries from a local vendor,Food,2200.00
Trekking package to Ladakh,Travel,28800.00
Lunch at Burger King,Food,1400.00
Furniture bought from Urban Ladder,Shopping,39850.00
Bus trip to Manali,Travel,1400.00
Bike service at the local garage,Transport,910.00
Parking fee at the airport,Transport,430.00
Electrician service fee via an on-call technician,Utilities,780.00
Car service at the local garage,Transport,7950.00
Visa fee for Singapore trip,Travel,3100.00
Society maintenance fee via the building association,Rent,680.00
Metro card recharge for BMRCL,Transport,1050.00
Insurance premium payment to ICICI Lombard,Utilities,10500.00
Trekking package to Himachal,Travel,27300.00
Music festival ticket for a local band show,Entertainment,4850.00
Rent paid to the landlord,Rent,10500.00
Bus trip to Pondicherry,Travel,950.00
Ice cream from a local parlour,Food,400.00
Hotel booking in Goa,Travel,11150.00
Gaming accessories bought from a local computer store,Shopping,4750.00
Late fee for rent payment via the landlord,Rent,650.00
Furniture bought from Pepperfry,Shopping,15650.00
Lunch at Pizza Hut,Food,390.00
House rent payment via the landlord,Rent,24450.00
Breakfast from Swiggy,Food,500.00
DTH recharge for Airtel Digital TV,Utilities,640.00
Bus trip to Pondicherry,Travel,880.00
Cab ride from airport in Delhi,Travel,2350.00
Metro card recharge for BMRCL,Transport,750.00
Movie tickets at INOX,Entertainment,1200.00
Monthly apartment rent paid via UPI transfer,Rent,9950.00
Lunch at Subway,Food,950.00
Trekking package to Ladakh,Travel,24600.00
Software subscription renewal for Microsoft 365,Utilities,7100.00
Toll charges on the expressway toll plaza,Transport,380.00
Home security service fee via an alarm monitoring service,Utilities,2300.00
EMI payment for home loan via bank auto-debit,Rent,12150.00
DTH recharge for Airtel Digital TV,Utilities,290.00
Hostel stay in Goa,Travel,1250.00
Water bill payment to the municipal corporation,Utilities,1050.00
Car service at the local garage,Transport,5300.00
Juice and sandwich at the local cafe,Food,270.00
Concert tickets for a live show,Entertainment,4800.00
Smartwatch purchased from Flipkart,Shopping,16250.00
Fuel refill at IOC,Transport,860.00
Juice and sandwich at the office canteen,Food,160.00
Theatre tickets for a play,Entertainment,730.00
Breakfast from Swiggy,Food,430.00
EMI payment for home loan via bank auto-debit,Rent,29200.00
Gaming accessories bought from Amazon,Shopping,6250.00
Toll charges on the expressway toll plaza,Transport,90.00
Theatre tickets for a stand-up comedy show,Entertainment,1050.00
Music festival ticket for a weekend festival,Entertainment,6400.00
Tiffin service from a home cook,Food,2300.00
Visa fee for Singapore trip,Travel,4600.00
Theatre tickets for a musical,Entertainment,1250.00
Museum entry at a heritage site,Entertainment,110.00
Smartwatch purchased from Flipkart,Shopping,16050.00
Visa fee for Dubai trip,Travel,5000.00
Electrician service fee via an on-call technician,Utilities,880.00
Rent paid to the landlord,Rent,15250.00
Street food from a roadside stall,Food,140.00
Amusement park entry at Essel World,Entertainment,680.00
Plumbing repair via an on-call technician,Utilities,620.00
Water bill payment to the water board,Utilities,330.00
Furniture bought from Pepperfry,Shopping,41950.00
Museum entry at a heritage site,Entertainment,510.00
Delivery order from a local restaurant,Food,880.00
Gaming accessories bought from a local computer store,Shopping,2450.00
Electrician service fee via an on-call technician,Utilities,1800.00
Bus trip to Coorg,Travel,900.00
Flat maintenance charges via the building association,Rent,2700.00
Mobile recharge for Vodafone,Utilities,1250.00
Bus trip to Coorg,Travel,2150.00
Camera purchased from Reliance Digital,Shopping,55100.00
Society maintenance paid via the housing society,Utilities,3200.00
Lunch at KFC,Food,1050.00
Camera purchased from Croma,Shopping,34800.00
Ferry ticket to a nearby island,Travel,250.00
Society maintenance paid via the housing society,Utilities,3300.00
Ice cream from a local parlour,Food,350.00
Backpack bought from Decathlon,Shopping,2500.00
New sneakers from Myntra,Shopping,6100.00
Electrician service fee via a local electrician,Utilities,2000.00
Tyre replacement at the local garage,Transport,2500.00
Gas cylinder refill from Indane,Utilities,870.00
Museum entry at a city museum,Entertainment,560.00
Insurance premium payment to HDFC Ergo,Utilities,4550.00
Home security service fee via a security agency,Utilities,920.00
Hostel stay in Goa,Travel,1150.00
Mobile recharge for Airtel,Utilities,910.00
Streaming device purchase (Apple TV),Entertainment,2350.00
Camera purchased from Croma,Shopping,48200.00
Auto rickshaw fare via a local auto stand,Transport,50.00
Tiffin service from a nearby dhaba,Food,2300.00
Society maintenance paid via the building association,Utilities,1800.00
Society maintenance paid via the building association,Utilities,2800.00
Water bill payment to the municipal corporation,Utilities,1000.00
Streaming device purchase (Chromecast),Entertainment,3350.00
Ferry ticket to a nearby island,Travel,1500.00
Trekking package to Ladakh,Travel,7800.00
Water bill payment to the water board,Utilities,760.00
Insurance premium payment to ICICI Lombard,Utilities,12300.00
Lunch at Subway,Food,460.00
Gas cylinder refill from Bharat Gas,Utilities,770.00
Subscription renewal for Hotstar,Entertainment,1400.00
Hostel stay in Rishikesh,Travel,1550.00
Toll charges on the expressway toll plaza,Transport,180.00
Monthly apartment rent paid via UPI transfer,Rent,14500.00
Juice and sandwich at the office canteen,Food,130.00
Visa fee for Europe trip,Travel,6350.00
Amusement park entry at an adventure park,Entertainment,2000.00
Flight ticket to Dubai,Travel,6600.00
Society maintenance fee via the housing society,Rent,2350.00
Monthly electricity bill from the state electricity board,Utilities,2350.00
Street food from a roadside stall,Food,230.00
Ice cream from a street vendor,Food,50.00
EMI payment for home loan via bank auto-debit,Rent,16950.00
Furniture bought from Pepperfry,Shopping,21450.00
Scooter rental via Bounce,Transport,180.00
Concert tickets for a rock concert,Entertainment,5150.00
Amusement park entry at Wonderla,Entertainment,1850.00
House rent payment via bank transfer,Rent,14300.00
Monthly PG rent payment via the PG owner,Rent,8650.00
Backpack bought from Amazon,Shopping,1250.00
House rent payment via UPI transfer,Rent,23550.00
Visa fee for Singapore trip,Travel,8700.00
Subscription renewal for Spotify,Entertainment,1300.00
Gaming accessories bought from Flipkart,Shopping,4450.00
Amusement park entry at Wonderla,Entertainment,1950.00
Monthly PG rent payment via the PG owner,Rent,10150.00
Headphones purchased from Amazon,Shopping,3850.00
Smartwatch purchased from Flipkart,Shopping,19750.00
Backpack bought from Amazon,Shopping,900.00
Flight ticket to Dubai,Travel,22050.00
Theatre tickets for a play,Entertainment,690.00
Music festival ticket for a weekend festival,Entertainment,5150.00
Home security service fee via an alarm monitoring service,Utilities,1450.00
Dinner at Barista,Food,1900.00
Breakfast from a local bakery,Food,560.00
Tyre replacement at the local garage,Transport,5750.00
Headphones purchased from Croma,Shopping,4800.00
Jeans purchased from Myntra,Shopping,2500.00
Toll charges on the highway,Transport,290.00
EMI payment for home loan via bank auto-debit,Rent,25050.00
Bus trip to Goa,Travel,1150.00
Theatre tickets for a musical,Entertainment,680.00
Traffic fine paid to the traffic police,Transport,530.00
Cab ride via Uber,Transport,2100.00
Online course enrollment on Udemy,Entertainment,3300.00
Train ticket booking via Indian Railways,Transport,1300.00
Backpack bought from Amazon,Shopping,2200.00
Home security service fee via an alarm monitoring service,Utilities,2400.00
Lunch at Burger King,Food,580.00
Gaming purchase from Xbox Store,Entertainment,2000.00
Groceries from BigBasket,Food,1650.00
Train ticket booking via Indian Railways,Transport,1150.00
Music festival ticket for a weekend festival,Entertainment,5600.00
Traffic fine paid to the RTO,Transport,430.00
Cab ride from airport in Mumbai,Travel,440.00
Backpack bought from Amazon,Shopping,1350.00
Books purchased from Crossword,Shopping,1750.00
Dinner at Barista,Food,1150.00
Subscription renewal for Amazon Prime,Entertainment,1150.00
Fuel refill at Shell,Transport,1550.00
Hotel booking in Bangkok,Travel,8850.00
New sneakers from a local store,Shopping,3950.00
Society maintenance fee via the housing society,Rent,2900.00
Online course enrollment on Coursera,Entertainment,3900.00
Scooter rental via Bounce,Transport,380.00
Ice cream from a street vendor,Food,310.00
House rent payment via the landlord,Rent,19400.00
Concert tickets for a live show,Entertainment,4050.00
Dinner at Barista,Food,3450.00
Museum entry at a city museum,Entertainment,160.00
Toll charges on the highway,Transport,200.00
Electrician service fee via an on-call technician,Utilities,760.00
Amusement park entry at Essel World,Entertainment,1100.00
T-shirt bought from Amazon,Shopping,1150.00
Toll charges on the expressway toll plaza,Transport,490.00
Hostel stay in Rishikesh,Travel,630.00
Gas cylinder refill from HP Gas,Utilities,920.00
Online course enrollment on an online learning platform,Entertainment,1750.00
Monthly apartment rent paid via NoBroker,Rent,12400.00
Monthly apartment rent paid via NEFT payment,Rent,18350.00
Bike service at the service center,Transport,1700.00
Dinner at a fine dining restaurant,Food,2450.00
New sneakers from Amazon,Shopping,5150.00
Gaming purchase from Xbox Store,Entertainment,1500.00
Gaming accessories bought from a local computer store,Shopping,7300.00
Streaming device purchase (Chromecast),Entertainment,5250.00
Subscription renewal for Amazon Prime,Entertainment,810.00
Homestay booking in Munnar,Travel,7150.00
Hostel stay in Goa,Travel,860.00
Online course enrollment on an online learning platform,Entertainment,1200.00
Society maintenance fee via the housing society,Rent,2950.00
Internet bill from ACT Fibernet,Utilities,740.00
Ice cream from a local parlour,Food,200.00
Streaming device purchase (Chromecast),Entertainment,4350.00
Tiffin service from the local vendor,Food,2800.00
T-shirt bought from a local store,Shopping,360.00
Amusement park entry at an adventure park,Entertainment,1500.00
Museum entry at a heritage site,Entertainment,460.00
Scooter rental via Bounce,Transport,300.00
Trekking package to Uttarakhand,Travel,24000.00
Flight ticket to Bangkok,Travel,12700.00
Monthly apartment rent paid via NEFT payment,Rent,15300.00
Dinner at CCD,Food,890.00
Gaming purchase from PlayStation Store,Entertainment,4650.00
Gaming purchase from Xbox Store,Entertainment,2750.00
Rent paid to the landlord,Rent,23850.00
Flight ticket to Bangkok,Travel,6850.00
Jeans purchased from Myntra,Shopping,2750.00
Music festival ticket for a local band show,Entertainment,1200.00
Plumbing repair via an on-call technician,Utilities,1900.00
Scooter rental via Bounce,Transport,250.00
Lunch at a food court,Food,590.00
Jeans purchased from Myntra,Shopping,2150.00
Society maintenance fee via the housing society,Rent,1000.00
Monthly apartment rent paid via UPI transfer,Rent,20200.00
Parking fee at the airport,Transport,90.00
Breakfast from a street cart,Food,220.00
Movie tickets at PVR,Entertainment,940.00
Traffic fine paid to the traffic police,Transport,1200.00
T-shirt bought from a local store,Shopping,1050.00
Weekend getaway to Pondicherry,Travel,10700.00
Lunch at a food court,Food,1500.00
Weekend getaway to Rishikesh,Travel,10100.00
Weekend getaway to Munnar,Travel,12250.00
Ferry ticket to Andaman,Travel,360.00
EMI payment for home loan via NEFT transfer,Rent,33100.00
Cab ride from airport in Mumbai,Travel,2400.00
Car service at the authorized service center,Transport,11350.00
Weekend getaway to Munnar,Travel,9150.00
Amusement park entry at Wonderla,Entertainment,660.00
Parking fee at the multiplex,Transport,390.00
House rent payment via bank transfer,Rent,9850.00
Smartwatch purchased from Amazon,Shopping,12800.00
Electrician service fee via a local electrician,Utilities,420.00
Backpack bought from Amazon,Shopping,3750.00
Backpack bought from Amazon,Shopping,3550.00
Weekend getaway to Pondicherry,Travel,12350.00
Weekend getaway to Rishikesh,Travel,18550.00
Ferry ticket to Goa,Travel,770.00
Tiffin service from a nearby dhaba,Food,2600.00
Scooter rental via Bounce,Transport,140.00
Homestay booking in Munnar,Travel,3250.00
Trekking package to Uttarakhand,Travel,12100.00
Cab ride via Ola,Transport,1100.00
Hotel booking in Manali,Travel,8900.00
Bus ticket booked via BMTC,Transport,660.00
Plumbing repair via a local plumber,Utilities,1950.00
Electrician service fee via a local electrician,Utilities,460.00
Music festival ticket for a weekend festival,Entertainment,1800.00
Hotel booking in Udaipur,Travel,12000.00
Camera purchased from Croma,Shopping,29250.00
Jeans purchased from a local store,Shopping,3450.00
Scooter rental via Rapido,Transport,490.00
Gaming accessories bought from a local computer store,Shopping,7200.00
